symbol,decision_i,decision_time,window_start_i,window_start_time,window_len,conf,x1n,y1n,x2n,y2n,core_start_i,core_end_i,core_mid_i,core_start_time,core_end_time,core_mid_time,predicted_core_bars,decision_delay_bars,event_id,raw_detection_count,event_conf_max,event_decision_first,event_decision_last,window_lengths_seen
ACU_USDT_SWAP,372,2026-05-03T00:15:00+00:00,356,2026-05-02T20:15:00+00:00,17,0.46744656562805176,0.4715982973575592,0.3487392067909241,0.8243293762207031,0.6153867244720459,364,369,366.5,2026-05-02T22:15:00+00:00,2026-05-02T23:30:00+00:00,2026-05-02T22:45:00+00:00,6,3,7b38038f533db703,20,0.46744656562805176,2026-05-03T00:15:00+00:00,2026-05-03T01:30:00+00:00,"[15, 16, 17, 18, 19]"
ARB_USDT_SWAP,372,2026-05-03T00:15:00+00:00,355,2026-05-02T20:00:00+00:00,18,0.36473679542541504,0.4727340638637543,0.2971898317337036,0.8332401514053345,0.44106408953666687,363,369,366.0,2026-05-02T22:00:00+00:00,2026-05-02T23:30:00+00:00,2026-05-02T22:45:00+00:00,7,3,8d6d2d86bfb896dd,28,0.6042391657829285,2026-05-03T00:15:00+00:00,2026-05-03T01:15:00+00:00,"[12, 14, 15, 16, 17, 18, 19]"
ATOM_USDT_SWAP,372,2026-05-03T00:15:00+00:00,355,2026-05-02T20:00:00+00:00,18,0.4996393024921417,0.49400001764297485,0.39718976616859436,0.8351958990097046,0.48141205310821533,363,369,366.0,2026-05-02T22:00:00+00:00,2026-05-02T23:30:00+00:00,2026-05-02T22:45:00+00:00,7,3,3caea9d283af7186,48,0.7386636734008789,2026-05-03T00:15:00+00:00,2026-05-03T01:15:00+00:00,"[13, 14, 15, 16, 17, 18, 19]"
AXS_USDT_SWAP,372,2026-05-03T00:15:00+00:00,355,2026-05-02T20:00:00+00:00,18,0.45890071988105774,0.4950377941131592,0.3361544907093048,0.833708643913269,0.4180836081504822,363,369,366.0,2026-05-02T22:00:00+00:00,2026-05-02T23:30:00+00:00,2026-05-02T22:45:00+00:00,7,3,609c15243b00b890,44,0.7003541588783264,2026-05-03T00:15:00+00:00,2026-05-03T01:30:00+00:00,"[12, 13, 14, 15, 16, 17, 18, 19]"
BARD_USDT_SWAP,372,2026-05-03T00:15:00+00:00,357,2026-05-02T20:30:00+00:00,16,0.32089048624038696,0.500045657157898,0.39970314502716064,0.823548436164856,0.5032320618629456,365,369,367.0,2026-05-02T22:30:00+00:00,2026-05-02T23:30:00+00:00,2026-05-02T23:00:00+00:00,5,3,e9fb60766221bddc,32,0.5214246511459351,2026-05-03T00:15:00+00:00,2026-05-03T01:30:00+00:00,"[15, 16, 17, 18, 19]"
GALA_USDT_SWAP,372,2026-05-03T00:15:00+00:00,355,2026-05-02T20:00:00+00:00,18,0.42693522572517395,0.5006397366523743,0.4427103102207184,0.8316631317138672,0.5265488028526306,364,369,366.5,2026-05-02T22:15:00+00:00,2026-05-02T23:30:00+00:00,2026-05-02T22:45:00+00:00,6,3,441ad6f6bc1555a7,36,0.5534812211990356,2026-05-03T00:15:00+00:00,2026-05-03T01:30:00+00:00,"[15, 16, 17, 18, 19]"
OFC_USDT_SWAP,372,2026-05-03T00:15:00+00:00,357,2026-05-02T20:30:00+00:00,16,0.2523612678050995,0.5137094855308533,0.10683619976043701,0.8729697465896606,0.3780132234096527,365,370,367.5,2026-05-02T22:30:00+00:00,2026-05-02T23:45:00+00:00,2026-05-02T23:15:00+00:00,6,2,dc64142f5d45e951,30,0.6565743088722229,2026-05-03T00:15:00+00:00,2026-05-03T01:30:00+00:00,"[12, 13, 14, 15, 16, 17, 18, 19]"
PENGU_USDT_SWAP,372,2026-05-03T00:15:00+00:00,355,2026-05-02T20:00:00+00:00,18,0.5235327482223511,0.4933982491493225,0.3823130428791046,0.8380686640739441,0.5647582411766052,363,369,366.0,2026-05-02T22:00:00+00:00,2026-05-02T23:30:00+00:00,2026-05-02T22:45:00+00:00,7,3,6739c1d3979ada2c,12,0.5235327482223511,2026-05-03T00:15:00+00:00,2026-05-03T01:30:00+00:00,"[17, 18, 19]"
PIPPIN_USDT_SWAP,372,2026-05-03T00:15:00+00:00,358,2026-05-02T20:45:00+00:00,15,0.7406301498413086,0.46860748529434204,0.3817364573478699,0.8188731074333191,0.8751733899116516,365,370,367.5,2026-05-02T22:30:00+00:00,2026-05-02T23:45:00+00:00,2026-05-02T23:15:00+00:00,6,2,5fa45cf00f0a1d8a,15,0.7406301498413086,2026-05-03T00:15:00+00:00,2026-05-03T01:00:00+00:00,"[14, 15, 16, 17, 18, 19]"
RAY_USDT_SWAP,372,2026-05-03T00:15:00+00:00,355,2026-05-02T20:00:00+00:00,18,0.5409039855003357,0.4959372878074646,0.3294167220592499,0.8370852470397949,0.5358348488807678,363,369,366.0,2026-05-02T22:00:00+00:00,2026-05-02T23:30:00+00:00,2026-05-02T22:45:00+00:00,7,3,ad810ff3a1c6831f,34,0.7288568019866943,2026-05-03T00:15:00+00:00,2026-05-03T01:15:00+00:00,"[14, 15, 16, 17, 18, 19]"
RLS_USDT_SWAP,372,2026-05-03T00:15:00+00:00,355,2026-05-02T20:00:00+00:00,18,0.30678385496139526,0.4793948531150818,0.2319774180650711,0.8361151814460754,0.4295899569988251,363,369,366.0,2026-05-02T22:00:00+00:00,2026-05-02T23:30:00+00:00,2026-05-02T22:45:00+00:00,7,3,6cb72ac512e9586f,14,0.42372721433639526,2026-05-03T00:15:00+00:00,2026-05-03T01:00:00+00:00,"[15, 16, 17, 18, 19]"
SHIB_USDT_SWAP,372,2026-05-03T00:15:00+00:00,357,2026-05-02T20:30:00+00:00,16,0.3635154664516449,0.4977303147315979,0.46199876070022583,0.8270405530929565,0.5198306441307068,364,369,366.5,2026-05-02T22:15:00+00:00,2026-05-02T23:30:00+00:00,2026-05-02T22:45:00+00:00,6,3,369a5a05fa963fd2,34,0.6013049483299255,2026-05-03T00:15:00+00:00,2026-05-03T01:15:00+00:00,"[14, 15, 16, 17, 18, 19]"
SKY_USDT_SWAP,372,2026-05-03T00:15:00+00:00,355,2026-05-02T20:00:00+00:00,18,0.39530616998672485,0.4600822925567627,0.44659486413002014,0.8251872062683105,0.5093808770179749,363,369,366.0,2026-05-02T22:00:00+00:00,2026-05-02T23:30:00+00:00,2026-05-02T22:45:00+00:00,7,3,8aba5bd65a115a76,31,0.6047405004501343,2026-05-03T00:15:00+00:00,2026-05-03T01:15:00+00:00,"[15, 16, 17, 18, 19]"
WIF_USDT_SWAP,372,2026-05-03T00:15:00+00:00,357,2026-05-02T20:30:00+00:00,16,0.25596821308135986,0.5002968311309814,0.4063243269920349,0.8213740587234497,0.5417230129241943,365,369,367.0,2026-05-02T22:30:00+00:00,2026-05-02T23:30:00+00:00,2026-05-02T23:00:00+00:00,5,3,cdb7a631b1138a09,31,0.5278600454330444,2026-05-03T00:15:00+00:00,2026-05-03T01:45:00+00:00,"[14, 15, 16, 17, 18, 19]"
XLM_USDT_SWAP,372,2026-05-03T00:15:00+00:00,357,2026-05-02T20:30:00+00:00,16,0.3486288785934448,0.49646368622779846,0.46624520421028137,0.8316590189933777,0.540104866027832,364,370,367.0,2026-05-02T22:15:00+00:00,2026-05-02T23:45:00+00:00,2026-05-02T23:00:00+00:00,7,2,3ec9fb2947c4efdc,42,0.5715315937995911,2026-05-03T00:15:00+00:00,2026-05-03T01:45:00+00:00,"[13, 14, 15, 16, 17, 18, 19]"
XTZ_USDT_SWAP,372,2026-05-03T00:15:00+00:00,355,2026-05-02T20:00:00+00:00,18,0.4026218354701996,0.4954744875431061,0.4270033836364746,0.8332427144050598,0.5220111608505249,363,369,366.0,2026-05-02T22:00:00+00:00,2026-05-02T23:30:00+00:00,2026-05-02T22:45:00+00:00,7,3,bdbffc836ab1d8e7,34,0.6444107294082642,2026-05-03T00:15:00+00:00,2026-05-03T01:15:00+00:00,"[14, 15, 16, 17, 18, 19]"
BNB_USDT_SWAP,373,2026-05-03T00:30:00+00:00,358,2026-05-02T20:45:00+00:00,16,0.3495447635650635,0.4984307885169983,0.48812681436538696,0.8261257410049438,0.5463875532150269,365,370,367.5,2026-05-02T22:30:00+00:00,2026-05-02T23:45:00+00:00,2026-05-02T23:15:00+00:00,6,3,215d5364558d8d28,17,0.4008711874485016,2026-05-03T00:30:00+00:00,2026-05-03T01:45:00+00:00,"[16, 17, 18, 19]"
DOGE_USDT_SWAP,373,2026-05-03T00:30:00+00:00,356,2026-05-02T20:15:00+00:00,18,0.46770036220550537,0.4821421205997467,0.41107693314552307,0.8349301218986511,0.538755476474762,364,370,367.0,2026-05-02T22:15:00+00:00,2026-05-02T23:45:00+00:00,2026-05-02T23:00:00+00:00,7,3,5198b7dfca8b792a,26,0.5317679047584534,2026-05-03T00:30:00+00:00,2026-05-03T01:30:00+00:00,"[14, 15, 16, 17, 18, 19]"
ENJ_USDT_SWAP,373,2026-05-03T00:30:00+00:00,355,2026-05-02T20:00:00+00:00,19,0.3261643946170807,0.4302329123020172,0.3270651400089264,0.7906709313392639,0.487562358379364,363,369,366.0,2026-05-02T22:00:00+00:00,2026-05-02T23:30:00+00:00,2026-05-02T22:45:00+00:00,7,4,3d92748cef308140,19,0.4237792193889618,2026-05-03T00:30:00+00:00,2026-05-03T01:30:00+00:00,"[15, 16, 17, 18, 19]"
GLM_USDT_SWAP,373,2026-05-03T00:30:00+00:00,359,2026-05-02T21:00:00+00:00,15,0.3871956765651703,0.4791596531867981,0.44412779808044434,0.8054108619689941,0.5486175417900085,366,370,368.0,2026-05-02T22:45:00+00:00,2026-05-02T23:45:00+00:00,2026-05-02T23:15:00+00:00,5,3,3cdeeea0badaa22b,7,0.3871956765651703,2026-05-03T00:30:00+00:00,2026-05-03T00:45:00+00:00,"[15, 16, 17, 18, 19]"
GMT_USDT_SWAP,373,2026-05-03T00:30:00+00:00,356,2026-05-02T20:15:00+00:00,18,0.42261481285095215,0.4921129643917084,0.44488003849983215,0.8330143094062805,0.5717921257019043,364,370,367.0,2026-05-02T22:15:00+00:00,2026-05-02T23:45:00+00:00,2026-05-02T23:00:00+00:00,7,3,65f80145d4b7f3ac,27,0.6076786518096924,2026-05-03T00:30:00+00:00,2026-05-03T01:30:00+00:00,"[14, 15, 16, 17, 18, 19]"
AVNT_USDT_SWAP,374,2026-05-03T00:45:00+00:00,360,2026-05-02T21:15:00+00:00,15,0.5852994322776794,0.48431915044784546,0.4003618061542511,0.8090888261795044,0.6092338562011719,367,371,369.0,2026-05-02T23:00:00+00:00,2026-05-03T00:00:00+00:00,2026-05-02T23:30:00+00:00,5,3,d7745ea744092e4c,48,0.7314594388008118,2026-05-03T00:45:00+00:00,2026-05-03T02:00:00+00:00,"[13, 14, 15, 16, 17, 18, 19]"
ENSO_USDT_SWAP,374,2026-05-03T00:45:00+00:00,359,2026-05-02T21:00:00+00:00,16,0.410274863243103,0.5099489092826843,0.20362074673175812,0.819015383720398,0.6637521982192993,367,371,369.0,2026-05-02T23:00:00+00:00,2026-05-03T00:00:00+00:00,2026-05-02T23:30:00+00:00,5,3,86b08c1c774d3864,38,0.5713070034980774,2026-05-03T00:45:00+00:00,2026-05-03T02:15:00+00:00,"[12, 14, 15, 16, 17, 18, 19]"
HOME_USDT_SWAP,374,2026-05-03T00:45:00+00:00,356,2026-05-02T20:15:00+00:00,19,0.2951565980911255,0.4309191107749939,0.33434438705444336,0.7876530885696411,0.489399790763855,364,370,367.0,2026-05-02T22:15:00+00:00,2026-05-02T23:45:00+00:00,2026-05-02T23:00:00+00:00,7,4,c212f90a0ac0ecde,2,0.2951565980911255,2026-05-03T00:45:00+00:00,2026-05-03T01:00:00+00:00,[19]
MAGIC_USDT_SWAP,374,2026-05-03T00:45:00+00:00,357,2026-05-02T20:30:00+00:00,18,0.34114134311676025,0.4803580641746521,0.46551233530044556,0.834366500377655,0.5635050535202026,365,371,368.0,2026-05-02T22:30:00+00:00,2026-05-03T00:00:00+00:00,2026-05-02T23:15:00+00:00,7,3,0591e26a22caecc0,28,0.6180658340454102,2026-05-03T00:45:00+00:00,2026-05-03T02:00:00+00:00,"[14, 15, 16, 17, 18, 19]"
MOODENG_USDT_SWAP,374,2026-05-03T00:45:00+00:00,357,2026-05-02T20:30:00+00:00,18,0.38538026809692383,0.49413976073265076,0.3731813132762909,0.834708034992218,0.6610715985298157,365,371,368.0,2026-05-02T22:30:00+00:00,2026-05-03T00:00:00+00:00,2026-05-02T23:15:00+00:00,7,3,83a31db8c3b60498,24,0.7256622910499573,2026-05-03T00:45:00+00:00,2026-05-03T01:45:00+00:00,"[14, 15, 16, 17, 18, 19]"
PUMP_USDT_SWAP,374,2026-05-03T00:45:00+00:00,357,2026-05-02T20:30:00+00:00,18,0.37670934200286865,0.49028244614601135,0.41273635625839233,0.8375091552734375,0.6417281031608582,365,371,368.0,2026-05-02T22:30:00+00:00,2026-05-03T00:00:00+00:00,2026-05-02T23:15:00+00:00,7,3,eea02f6903b2458e,27,0.5859385132789612,2026-05-03T00:45:00+00:00,2026-05-03T01:45:00+00:00,"[14, 15, 16, 17, 18, 19]"
STABLE_USDT_SWAP,374,2026-05-03T00:45:00+00:00,356,2026-05-02T20:15:00+00:00,19,0.2575589418411255,0.5115720629692078,0.49076974391937256,0.8441494703292847,0.6212829947471619,365,371,368.0,2026-05-02T22:30:00+00:00,2026-05-03T00:00:00+00:00,2026-05-02T23:15:00+00:00,7,3,fdf31b9aaf3fc5b4,2,0.28837186098098755,2026-05-03T00:45:00+00:00,2026-05-03T01:00:00+00:00,[19]
BLUR_USDT_SWAP,375,2026-05-03T01:00:00+00:00,362,2026-05-02T21:45:00+00:00,14,0.4553438127040863,0.5273657441139221,0.2034366875886917,0.7950887084007263,0.7364063262939453,369,372,370.5,2026-05-02T23:30:00+00:00,2026-05-03T00:15:00+00:00,2026-05-02T23:45:00+00:00,4,3,a6fe89824fbee1ab,23,0.5663703680038452,2026-05-03T01:00:00+00:00,2026-05-03T02:30:00+00:00,"[14, 15, 16, 17, 18, 19]"
HYPE_USDT_SWAP,375,2026-05-03T01:00:00+00:00,357,2026-05-02T20:30:00+00:00,19,0.281782865524292,0.4298240542411804,0.48260945081710815,0.7915956974029541,0.5651707649230957,365,371,368.0,2026-05-02T22:30:00+00:00,2026-05-03T00:00:00+00:00,2026-05-02T23:15:00+00:00,7,4,46d52ccbda351196,17,0.4965457320213318,2026-05-03T01:00:00+00:00,2026-05-03T02:00:00+00:00,"[14, 15, 16, 17, 18, 19]"
KMNO_USDT_SWAP,375,2026-05-03T01:00:00+00:00,359,2026-05-02T21:00:00+00:00,17,0.43467721343040466,0.4476192891597748,0.390744149684906,0.8216231465339661,0.7409481406211853,366,372,369.0,2026-05-02T22:45:00+00:00,2026-05-03T00:15:00+00:00,2026-05-02T23:30:00+00:00,7,3,c190b496ed730fb9,15,0.4464591145515442,2026-05-03T01:00:00+00:00,2026-05-03T02:00:00+00:00,"[15, 16, 17, 18, 19]"
LINEA_USDT_SWAP,375,2026-05-03T01:00:00+00:00,359,2026-05-02T21:00:00+00:00,17,0.3608566224575043,0.45214223861694336,0.4465378224849701,0.8221431970596313,0.5804277658462524,366,372,369.0,2026-05-02T22:45:00+00:00,2026-05-03T00:15:00+00:00,2026-05-02T23:30:00+00:00,7,3,6acc9d53705071a8,29,0.6739494800567627,2026-05-03T01:00:00+00:00,2026-05-03T02:15:00+00:00,"[14, 15, 16, 17, 18, 19]"
NMR_USDT_SWAP,375,2026-05-03T01:00:00+00:00,358,2026-05-02T20:45:00+00:00,18,0.3495313227176666,0.4902210235595703,0.4611968994140625,0.8345066905021667,0.559545636177063,366,372,369.0,2026-05-02T22:45:00+00:00,2026-05-03T00:15:00+00:00,2026-05-02T23:30:00+00:00,7,3,b9fd3cd96fe1ae47,30,0.6560962200164795,2026-05-03T01:00:00+00:00,2026-05-03T02:00:00+00:00,"[14, 15, 16, 17, 18, 19]"
ONT_USDT_SWAP,375,2026-05-03T01:00:00+00:00,358,2026-05-02T20:45:00+00:00,18,0.2751442790031433,0.48826727271080017,0.39908111095428467,0.8370949029922485,0.5448131561279297,366,372,369.0,2026-05-02T22:45:00+00:00,2026-05-03T00:15:00+00:00,2026-05-02T23:30:00+00:00,7,3,2f0850ccd4c2c8a1,38,0.6599150896072388,2026-05-03T01:00:00+00:00,2026-05-03T02:00:00+00:00,"[13, 14, 15, 16, 17, 18, 19]"
SIGN_USDT_SWAP,375,2026-05-03T01:00:00+00:00,361,2026-05-02T21:30:00+00:00,15,0.5235296487808228,0.4772147536277771,0.37376868724823,0.8101478815078735,0.6272903680801392,368,372,370.0,2026-05-02T23:15:00+00:00,2026-05-03T00:15:00+00:00,2026-05-02T23:45:00+00:00,5,3,77ce1c8a956a3f5e,35,0.5235296487808228,2026-05-03T01:00:00+00:00,2026-05-03T02:15:00+00:00,"[14, 15, 16, 17, 18, 19]"
ZAMA_USDT_SWAP,375,2026-05-03T01:00:00+00:00,360,2026-05-02T21:15:00+00:00,16,0.3372008800506592,0.5054627060890198,0.39141079783439636,0.867491602897644,0.5818532705307007,368,373,370.5,2026-05-02T23:15:00+00:00,2026-05-03T00:30:00+00:00,2026-05-02T23:45:00+00:00,6,2,8e14205258638219,29,0.5301740169525146,2026-05-03T01:00:00+00:00,2026-05-03T02:45:00+00:00,"[16, 17, 18, 19]"
AERO_USDT_SWAP,376,2026-05-03T01:15:00+00:00,362,2026-05-02T21:45:00+00:00,15,0.3403421640396118,0.4751726984977722,0.4034200608730316,0.8285835385322571,0.5590983629226685,369,374,371.5,2026-05-02T23:30:00+00:00,2026-05-03T00:45:00+00:00,2026-05-03T00:15:00+00:00,6,2,82a8e0958e4760e8,54,0.6850460171699524,2026-05-03T01:15:00+00:00,2026-05-03T02:45:00+00:00,"[12, 13, 14, 15, 16, 17, 18, 19]"
APT_USDT_SWAP,376,2026-05-03T01:15:00+00:00,359,2026-05-02T21:00:00+00:00,18,0.39247792959213257,0.4819237291812897,0.41892701387405396,0.8359454274177551,0.5664149522781372,367,373,370.0,2026-05-02T23:00:00+00:00,2026-05-03T00:30:00+00:00,2026-05-02T23:45:00+00:00,7,3,4491a2b268ff15c2,33,0.6436083316802979,2026-05-03T01:15:00+00:00,2026-05-03T02:15:00+00:00,"[14, 15, 16, 17, 18, 19]"
AUCTION_USDT_SWAP,376,2026-05-03T01:15:00+00:00,362,2026-05-02T21:45:00+00:00,15,0.27591201663017273,0.4708235263824463,0.46792829036712646,0.8240901827812195,0.5215460062026978,369,374,371.5,2026-05-02T23:30:00+00:00,2026-05-03T00:45:00+00:00,2026-05-03T00:15:00+00:00,6,2,d83ac9af4253393d,20,0.3974629342556,2026-05-03T01:15:00+00:00,2026-05-03T02:45:00+00:00,"[15, 16, 17, 18, 19]"
AZTEC_USDT_SWAP,376,2026-05-03T01:15:00+00:00,359,2026-05-02T21:00:00+00:00,18,0.25129199028015137,0.47742897272109985,0.35502010583877563,0.8356315493583679,0.5444596409797668,367,373,370.0,2026-05-02T23:00:00+00:00,2026-05-03T00:30:00+00:00,2026-05-02T23:45:00+00:00,7,3,a6a11a8667cd7a79,26,0.6313844323158264,2026-05-03T01:15:00+00:00,2026-05-03T02:15:00+00:00,"[14, 15, 16, 17, 18, 19]"
CHZ_USDT_SWAP,376,2026-05-03T01:15:00+00:00,359,2026-05-02T21:00:00+00:00,18,0.5070632696151733,0.48525452613830566,0.22462165355682373,0.8351143002510071,0.42429402470588684,367,373,370.0,2026-05-02T23:00:00+00:00,2026-05-03T00:30:00+00:00,2026-05-02T23:45:00+00:00,7,3,4178ba7c80cf18f8,46,0.7588591575622559,2026-05-03T01:15:00+00:00,2026-05-03T02:15:00+00:00,"[12, 13, 14, 15, 16, 17, 18, 19]"
GAS_USDT_SWAP,376,2026-05-03T01:15:00+00:00,360,2026-05-02T21:15:00+00:00,17,0.25000447034835815,0.4401039183139801,0.43925657868385315,0.8189553022384644,0.5094988942146301,367,373,370.0,2026-05-02T23:00:00+00:00,2026-05-03T00:30:00+00:00,2026-05-02T23:45:00+00:00,7,3,dba75e52c18d29d4,34,0.6571860313415527,2026-05-03T01:15:00+00:00,2026-05-03T02:15:00+00:00,"[14, 15, 16, 17, 18, 19]"
MORPHO_USDT_SWAP,376,2026-05-03T01:15:00+00:00,359,2026-05-02T21:00:00+00:00,18,0.3877580165863037,0.48367422819137573,0.42247310280799866,0.8312938809394836,0.49574747681617737,367,373,370.0,2026-05-02T23:00:00+00:00,2026-05-03T00:30:00+00:00,2026-05-02T23:45:00+00:00,7,3,0f81f1a1447a9b76,36,0.6670223474502563,2026-05-03T01:15:00+00:00,2026-05-03T02:30:00+00:00,"[14, 15, 16, 17, 18, 19]"
S_USDT_SWAP,376,2026-05-03T01:15:00+00:00,359,2026-05-02T21:00:00+00:00,18,0.29491758346557617,0.4722035527229309,0.42707037925720215,0.8368397951126099,0.5810576677322388,367,373,370.0,2026-05-02T23:00:00+00:00,2026-05-03T00:30:00+00:00,2026-05-02T23:45:00+00:00,7,3,8a2268da2959b715,25,0.6610764265060425,2026-05-03T01:15:00+00:00,2026-05-03T02:15:00+00:00,"[14, 15, 16, 17, 18, 19]"
VANA_USDT_SWAP,376,2026-05-03T01:15:00+00:00,358,2026-05-02T20:45:00+00:00,19,0.25568288564682007,0.5175527930259705,0.34245121479034424,0.8440327644348145,0.5603960752487183,367,373,370.0,2026-05-02T23:00:00+00:00,2026-05-03T00:30:00+00:00,2026-05-02T23:45:00+00:00,7,3,c2c870862c26969f,32,0.6870407462120056,2026-05-03T01:15:00+00:00,2026-05-03T02:30:00+00:00,"[14, 15, 16, 17, 18, 19]"
XTZ_USDT_SWAP,376,2026-05-03T01:15:00+00:00,363,2026-05-02T22:00:00+00:00,14,0.2684705853462219,0.5156408548355103,0.4761788845062256,0.7880159020423889,0.5777230858802795,370,373,371.5,2026-05-02T23:45:00+00:00,2026-05-03T00:30:00+00:00,2026-05-03T00:15:00+00:00,4,3,7509c2f2dd1cf5d5,42,0.7066897749900818,2026-05-03T01:15:00+00:00,2026-05-03T03:00:00+00:00,"[14, 15, 16, 17, 18, 19]"
AEVO_USDT_SWAP,377,2026-05-03T01:30:00+00:00,363,2026-05-02T22:00:00+00:00,15,0.3160625398159027,0.5301408767700195,0.3508414328098297,0.8142121434211731,0.5217363834381104,370,374,372.0,2026-05-02T23:45:00+00:00,2026-05-03T00:45:00+00:00,2026-05-03T00:15:00+00:00,5,3,a16aac325680c69e,36,0.6878336071968079,2026-05-03T01:30:00+00:00,2026-05-03T02:45:00+00:00,"[14, 15, 16, 17, 18, 19]"
ARB_USDT_SWAP,377,2026-05-03T01:30:00+00:00,363,2026-05-02T22:00:00+00:00,15,0.7590476870536804,0.4882022738456726,0.3294784128665924,0.8022381067276001,0.6528586745262146,370,374,372.0,2026-05-02T23:45:00+00:00,2026-05-03T00:45:00+00:00,2026-05-03T00:15:00+00:00,5,3,86d390ad30dbdd87,26,0.7590476870536804,2026-05-03T01:30:00+00:00,2026-05-03T02:30:00+00:00,"[14, 15, 16, 17, 18, 19]"
ATOM_USDT_SWAP,377,2026-05-03T01:30:00+00:00,363,2026-05-02T22:00:00+00:00,15,0.47448766231536865,0.48930829763412476,0.44357621669769287,0.8043395280838013,0.6200275421142578,370,374,372.0,2026-05-02T23:45:00+00:00,2026-05-03T00:45:00+00:00,2026-05-03T00:15:00+00:00,5,3,37a6510cac7d5062,35,0.5702452063560486,2026-05-03T01:30:00+00:00,2026-05-03T02:45:00+00:00,"[12, 13, 15, 16, 17, 18, 19]"
AXS_USDT_SWAP,377,2026-05-03T01:30:00+00:00,362,2026-05-02T21:45:00+00:00,16,0.5122606754302979,0.44291558861732483,0.3361884355545044,0.8161730766296387,0.6862471699714661,369,374,371.5,2026-05-02T23:30:00+00:00,2026-05-03T00:45:00+00:00,2026-05-03T00:15:00+00:00,6,3,485598cf3420a290,25,0.7014867067337036,2026-05-03T01:30:00+00:00,2026-05-03T02:30:00+00:00,"[15, 16, 17, 18, 19]"
DOGE_USDT_SWAP,377,2026-05-03T01:30:00+00:00,365,2026-05-02T22:30:00+00:00,13,0.3099144995212555,0.4925040602684021,0.4726240038871765,0.8394048810005188,0.5864974856376648,371,375,373.0,2026-05-03T00:00:00+00:00,2026-05-03T01:00:00+00:00,2026-05-03T00:30:00+00:00,5,2,49f2349c7e48fea2,62,0.6510787606239319,2026-05-03T01:30:00+00:00,2026-05-03T03:30:00+00:00,"[13, 14, 15, 16, 17, 18, 19]"
FLOKI_USDT_SWAP,377,2026-05-03T01:30:00+00:00,360,2026-05-02T21:15:00+00:00,18,0.36500030755996704,0.48130711913108826,0.4357587397098541,0.8321048617362976,0.5483256578445435,368,374,371.0,2026-05-02T23:15:00+00:00,2026-05-03T00:45:00+00:00,2026-05-03T00:00:00+00:00,7,3,8263b60c4b5123f7,24,0.6478539109230042,2026-05-03T01:30:00+00:00,2026-05-03T02:30:00+00:00,"[14, 15, 16, 17, 18, 19]"
LTC_USDT_SWAP,377,2026-05-03T01:30:00+00:00,363,2026-05-02T22:00:00+00:00,15,0.4519709646701813,0.4756600260734558,0.45298388600349426,0.8102527856826782,0.5225619673728943,370,374,372.0,2026-05-02T23:45:00+00:00,2026-05-03T00:45:00+00:00,2026-05-03T00:15:00+00:00,5,3,1bf2cbd1f4da217b,48,0.5233156681060791,2026-05-03T01:30:00+00:00,2026-05-03T03:15:00+00:00,"[15, 16, 17, 18, 19]"
OFC_USDT_SWAP,377,2026-05-03T01:30:00+00:00,366,2026-05-02T22:45:00+00:00,12,0.47436606884002686,0.46466517448425293,0.1553349643945694,0.8089759945869446,0.4480050802230835,371,375,373.0,2026-05-03T00:00:00+00:00,2026-05-03T01:00:00+00:00,2026-05-03T00:30:00+00:00,5,2,969f764494ad9518,24,0.7806100249290466,2026-05-03T01:30:00+00:00,2026-05-03T02:15:00+00:00,"[12, 14, 15, 16, 17, 18, 19]"
RAY_USDT_SWAP,377,2026-05-03T01:30:00+00:00,361,2026-05-02T21:30:00+00:00,17,0.535140335559845,0.4717821478843689,0.39568009972572327,0.826094925403595,0.6752474308013916,369,374,371.5,2026-05-02T23:30:00+00:00,2026-05-03T00:45:00+00:00,2026-05-03T00:15:00+00:00,6,3,c11760341b494b49,14,0.535140335559845,2026-05-03T01:30:00+00:00,2026-05-03T02:45:00+00:00,"[15, 16, 17, 18, 19]"
SHIB_USDT_SWAP,377,2026-05-03T01:30:00+00:00,363,2026-05-02T22:00:00+00:00,15,0.5143382549285889,0.4771517217159271,0.44537603855133057,0.8051556348800659,0.5384684205055237,370,374,372.0,2026-05-02T23:45:00+00:00,2026-05-03T00:45:00+00:00,2026-05-03T00:15:00+00:00,5,3,8c1fed87cddf9cc2,53,0.6848645210266113,2026-05-03T01:30:00+00:00,2026-05-03T03:00:00+00:00,"[14, 15, 16, 17, 18, 19]"
SKY_USDT_SWAP,377,2026-05-03T01:30:00+00:00,361,2026-05-02T21:30:00+00:00,17,0.471414178609848,0.4726901650428772,0.4319813847541809,0.8220276832580566,0.5532357096672058,369,374,371.5,2026-05-02T23:30:00+00:00,2026-05-03T00:45:00+00:00,2026-05-03T00:15:00+00:00,6,3,5ade9575c44af2b9,24,0.5850958228111267,2026-05-03T01:30:00+00:00,2026-05-03T02:30:00+00:00,"[15, 16, 17, 18, 19]"
XRP_USDT_SWAP,377,2026-05-03T01:30:00+00:00,360,2026-05-02T21:15:00+00:00,18,0.3360067307949066,0.48167625069618225,0.44441404938697815,0.8350181579589844,0.5537904500961304,368,374,371.0,2026-05-02T23:15:00+00:00,2026-05-03T00:45:00+00:00,2026-05-03T00:00:00+00:00,7,3,9856ac59458c7e15,25,0.5984879732131958,2026-05-03T01:30:00+00:00,2026-05-03T02:30:00+00:00,"[15, 16, 17, 18, 19]"
ANIME_USDT_SWAP,378,2026-05-03T01:45:00+00:00,361,2026-05-02T21:30:00+00:00,18,0.32970955967903137,0.4790306091308594,0.41818496584892273,0.8335628509521484,0.6017385125160217,369,375,372.0,2026-05-02T23:30:00+00:00,2026-05-03T01:00:00+00:00,2026-05-03T00:15:00+00:00,7,3,1edafa2e8373c973,23,0.5586637854576111,2026-05-03T01:45:00+00:00,2026-05-03T02:45:00+00:00,"[15, 16, 17, 18, 19]"
ATH_USDT_SWAP,378,2026-05-03T01:45:00+00:00,361,2026-05-02T21:30:00+00:00,18,0.27493205666542053,0.48798149824142456,0.35767075419425964,0.8360083699226379,0.5737270712852478,369,375,372.0,2026-05-02T23:30:00+00:00,2026-05-03T01:00:00+00:00,2026-05-03T00:15:00+00:00,7,3,84e6dee8d08dc8a3,25,0.5509921312332153,2026-05-03T01:45:00+00:00,2026-05-03T02:45:00+00:00,"[15, 16, 17, 18, 19]"
BARD_USDT_SWAP,378,2026-05-03T01:45:00+00:00,364,2026-05-02T22:15:00+00:00,15,0.5342951416969299,0.4827503561973572,0.4131467640399933,0.8082454800605774,0.5938004851341248,371,375,373.0,2026-05-03T00:00:00+00:00,2026-05-03T01:00:00+00:00,2026-05-03T00:30:00+00:00,5,3,51c94671b10f1351,43,0.7359076738357544,2026-05-03T01:45:00+00:00,2026-05-03T03:30:00+00:00,"[14, 15, 16, 17, 18, 19]"
CRO_USDT_SWAP,378,2026-05-03T01:45:00+00:00,361,2026-05-02T21:30:00+00:00,18,0.4286060035228729,0.45946192741394043,0.44901949167251587,0.8302057981491089,0.517601490020752,369,375,372.0,2026-05-02T23:30:00+00:00,2026-05-03T01:00:00+00:00,2026-05-03T00:15:00+00:00,7,3,aac11b69234c5471,28,0.4786728024482727,2026-05-03T01:45:00+00:00,2026-05-03T03:00:00+00:00,"[15, 16, 17, 18, 19]"
ENJ_USDT_SWAP,378,2026-05-03T01:45:00+00:00,362,2026-05-02T21:45:00+00:00,17,0.5715035796165466,0.4690343737602234,0.235810786485672,0.8248847126960754,0.5670586824417114,369,375,372.0,2026-05-02T23:30:00+00:00,2026-05-03T01:00:00+00:00,2026-05-03T00:15:00+00:00,7,3,d047bd0d252ffe46,6,0.5715035796165466,2026-05-03T01:45:00+00:00,2026-05-03T02:00:00+00:00,"[16, 17, 18, 19]"
ENS_USDT_SWAP,378,2026-05-03T01:45:00+00:00,362,2026-05-02T21:45:00+00:00,17,0.37606900930404663,0.4331071376800537,0.440024197101593,0.8218787312507629,0.5953337550163269,369,375,372.0,2026-05-02T23:30:00+00:00,2026-05-03T01:00:00+00:00,2026-05-03T00:15:00+00:00,7,3,5acd0fded56dec7e,31,0.6918541789054871,2026-05-03T01:45:00+00:00,2026-05-03T02:45:00+00:00,"[14, 15, 16, 17, 18, 19]"
GALA_USDT_SWAP,378,2026-05-03T01:45:00+00:00,363,2026-05-02T22:00:00+00:00,16,0.5391855835914612,0.43669837713241577,0.40560612082481384,0.8113877177238464,0.5503674745559692,370,375,372.5,2026-05-02T23:45:00+00:00,2026-05-03T01:00:00+00:00,2026-05-03T00:15:00+00:00,6,3,42ce7fd5f63ef859,15,0.5391855835914612,2026-05-03T01:45:00+00:00,2026-05-03T02:30:00+00:00,"[15, 16, 17, 18, 19]"
GMT_USDT_SWAP,378,2026-05-03T01:45:00+00:00,362,2026-05-02T21:45:00+00:00,17,0.7413783669471741,0.47233089804649353,0.3518817722797394,0.8229924440383911,0.6307262182235718,370,375,372.5,2026-05-02T23:45:00+00:00,2026-05-03T01:00:00+00:00,2026-05-03T00:15:00+00:00,6,3,d8537da6bacef0fa,36,0.7413783669471741,2026-05-03T01:45:00+00:00,2026-05-03T03:00:00+00:00,"[14, 15, 16, 17, 18, 19]"
H_USDT_SWAP,378,2026-05-03T01:45:00+00:00,364,2026-05-02T22:15:00+00:00,15,0.2651406526565552,0.4799680709838867,0.33893388509750366,0.8069405555725098,0.8264592289924622,371,375,373.0,2026-05-03T00:00:00+00:00,2026-05-03T01:00:00+00:00,2026-05-03T00:30:00+00:00,5,3,f23807236ecea923,2,0.2651406526565552,2026-05-03T01:45:00+00:00,2026-05-03T01:45:00+00:00,"[14, 15]"
MOODENG_USDT_SWAP,378,2026-05-03T01:45:00+00:00,363,2026-05-02T22:00:00+00:00,16,0.2863440215587616,0.5138155221939087,0.3622690737247467,0.8272477388381958,0.6717366576194763,371,376,373.5,2026-05-03T00:00:00+00:00,2026-05-03T01:15:00+00:00,2026-05-03T00:45:00+00:00,6,2,9c800e51d9a5d6ff,31,0.7141327857971191,2026-05-03T01:45:00+00:00,2026-05-03T03:00:00+00:00,"[13, 14, 15, 16, 17, 18, 19]"
PUMP_USDT_SWAP,378,2026-05-03T01:45:00+00:00,365,2026-05-02T22:30:00+00:00,14,0.2719981074333191,0.5124455094337463,0.47736191749572754,0.7952246069908142,0.6232976913452148,372,375,373.5,2026-05-03T00:15:00+00:00,2026-05-03T01:00:00+00:00,2026-05-03T00:45:00+00:00,4,3,efa6506141f1d339,51,0.7449159026145935,2026-05-03T01:45:00+00:00,2026-05-03T03:30:00+00:00,"[14, 15, 16, 17, 18, 19]"
RLS_USDT_SWAP,378,2026-05-03T01:45:00+00:00,361,2026-05-02T21:30:00+00:00,18,0.312841534614563,0.4853222370147705,0.2970319390296936,0.840826153755188,0.9466188549995422,369,375,372.0,2026-05-02T23:30:00+00:00,2026-05-03T01:00:00+00:00,2026-05-03T00:15:00+00:00,7,3,98a94c202e6be94d,3,0.312841534614563,2026-05-03T01:45:00+00:00,2026-05-03T02:00:00+00:00,"[18, 19]"
SOL_USDT_SWAP,378,2026-05-03T01:45:00+00:00,360,2026-05-02T21:15:00+00:00,19,0.3689526617527008,0.521655797958374,0.473305881023407,0.8426318168640137,0.5958947539329529,369,375,372.0,2026-05-02T23:30:00+00:00,2026-05-03T01:00:00+00:00,2026-05-03T00:15:00+00:00,7,3,ca0a0eff5a9ce655,18,0.4770292043685913,2026-05-03T01:45:00+00:00,2026-05-03T03:15:00+00:00,"[15, 16, 17, 18, 19]"
TRUTH_USDT_SWAP,378,2026-05-03T01:45:00+00:00,361,2026-05-02T21:30:00+00:00,18,0.37183645367622375,0.5060263276100159,0.3648865818977356,0.8366309404373169,0.6200271844863892,370,375,372.5,2026-05-02T23:45:00+00:00,2026-05-03T01:00:00+00:00,2026-05-03T00:15:00+00:00,6,3,4afbd8e3587bab97,28,0.5327210426330566,2026-05-03T01:45:00+00:00,2026-05-03T03:15:00+00:00,"[15, 16, 17, 18, 19]"
WCT_USDT_SWAP,378,2026-05-03T01:45:00+00:00,361,2026-05-02T21:30:00+00:00,18,0.25644809007644653,0.4859868884086609,0.3056299388408661,0.8386662602424622,0.5663652420043945,369,375,372.0,2026-05-02T23:30:00+00:00,2026-05-03T01:00:00+00:00,2026-05-03T00:15:00+00:00,7,3,4f3c6b367c83e60b,15,0.5478442907333374,2026-05-03T01:45:00+00:00,2026-05-03T02:45:00+00:00,"[15, 16, 17, 18, 19]"
WIF_USDT_SWAP,378,2026-05-03T01:45:00+00:00,364,2026-05-02T22:15:00+00:00,15,0.4332946240901947,0.4857223927974701,0.42690831422805786,0.8074847459793091,0.556241512298584,371,375,373.0,2026-05-03T00:00:00+00:00,2026-05-03T01:00:00+00:00,2026-05-03T00:30:00+00:00,5,3,2f70d3de1926ad3a,43,0.7378515005111694,2026-05-03T01:45:00+00:00,2026-05-03T03:00:00+00:00,"[13, 14, 15, 16, 17, 18, 19]"
XLM_USDT_SWAP,378,2026-05-03T01:45:00+00:00,364,2026-05-02T22:15:00+00:00,15,0.44655200839042664,0.47996097803115845,0.44602519273757935,0.7992309927940369,0.5539425611495972,371,375,373.0,2026-05-03T00:00:00+00:00,2026-05-03T01:00:00+00:00,2026-05-03T00:30:00+00:00,5,3,8211bb4ddbfb1020,47,0.7158001661300659,2026-05-03T01:45:00+00:00,2026-05-03T03:00:00+00:00,"[14, 15, 16, 17, 18, 19]"
ZBT_USDT_SWAP,378,2026-05-03T01:45:00+00:00,363,2026-05-02T22:00:00+00:00,16,0.35554400086402893,0.504382848739624,0.23609408736228943,0.8176758885383606,0.9113332629203796,371,375,373.0,2026-05-03T00:00:00+00:00,2026-05-03T01:00:00+00:00,2026-05-03T00:30:00+00:00,5,3,3d79d4eb4378e4d5,35,0.8310017585754395,2026-05-03T01:45:00+00:00,2026-05-03T03:30:00+00:00,"[12, 13, 14, 15, 16, 17, 18, 19]"
ZRO_USDT_SWAP,378,2026-05-03T01:45:00+00:00,360,2026-05-02T21:15:00+00:00,19,0.3798489272594452,0.5909615755081177,0.3859097957611084,0.8431304097175598,0.7366870045661926,371,375,373.0,2026-05-03T00:00:00+00:00,2026-05-03T01:00:00+00:00,2026-05-03T00:30:00+00:00,5,3,738e1ad3559dfb27,42,0.6792157292366028,2026-05-03T01:45:00+00:00,2026-05-03T03:30:00+00:00,"[15, 16, 17, 18, 19]"
AGLD_USDT_SWAP,379,2026-05-03T02:00:00+00:00,363,2026-05-02T22:00:00+00:00,17,0.4287480413913727,0.4717569947242737,0.3736051917076111,0.8254852294921875,0.6225422620773315,371,376,373.5,2026-05-03T00:00:00+00:00,2026-05-03T01:15:00+00:00,2026-05-03T00:45:00+00:00,6,3,747de26045650200,21,0.4287480413913727,2026-05-03T02:00:00+00:00,2026-05-03T03:00:00+00:00,"[15, 16, 17, 18, 19]"
AVAX_USDT_SWAP,379,2026-05-03T02:00:00+00:00,362,2026-05-02T21:45:00+00:00,18,0.47837531566619873,0.4803541600704193,0.39869385957717896,0.8386338353157043,0.5616830587387085,370,376,373.0,2026-05-02T23:45:00+00:00,2026-05-03T01:15:00+00:00,2026-05-03T00:30:00+00:00,7,3,13a59aa081bd08fa,37,0.6253800392150879,2026-05-03T02:00:00+00:00,2026-05-03T03:15:00+00:00,"[15, 16, 17, 18, 19]"
AVNT_USDT_SWAP,379,2026-05-03T02:00:00+00:00,361,2026-05-02T21:30:00+00:00,19,0.3474912941455841,0.6437020897865295,0.4650082588195801,0.8431641459465027,0.6666522026062012,373,376,374.5,2026-05-03T00:30:00+00:00,2026-05-03T01:15:00+00:00,2026-05-03T00:45:00+00:00,4,3,df8d24a498104c6d,31,0.7142789363861084,2026-05-03T02:00:00+00:00,2026-05-03T03:45:00+00:00,"[13, 15, 16, 17, 18, 19]"
BAT_USDT_SWAP,379,2026-05-03T02:00:00+00:00,361,2026-05-02T21:30:00+00:00,19,0.26091673970222473,0.4333880543708801,0.4146004319190979,0.7900354862213135,0.552298367023468,369,375,372.0,2026-05-02T23:30:00+00:00,2026-05-03T01:00:00+00:00,2026-05-03T00:15:00+00:00,7,4,a3323155d6459793,13,0.45207759737968445,2026-05-03T02:00:00+00:00,2026-05-03T03:00:00+00:00,"[17, 18, 19]"
BNB_USDT_SWAP,379,2026-05-03T02:00:00+00:00,362,2026-05-02T21:45:00+00:00,18,0.3934166729450226,0.45832306146621704,0.48131006956100464,0.8304362297058105,0.544783890247345,370,376,373.0,2026-05-02T23:45:00+00:00,2026-05-03T01:15:00+00:00,2026-05-03T00:30:00+00:00,7,3,f369a10f004ec13e,25,0.47172120213508606,2026-05-03T02:00:00+00:00,2026-05-03T03:15:00+00:00,"[16, 17, 18, 19]"
BONK_USDT_SWAP,379,2026-05-03T02:00:00+00:00,363,2026-05-02T22:00:00+00:00,17,0.32442808151245117,0.4468669891357422,0.3938843905925751,0.8247374296188354,0.5841776132583618,370,376,373.0,2026-05-02T23:45:00+00:00,2026-05-03T01:15:00+00:00,2026-05-03T00:30:00+00:00,7,3,01d3c8b58c826fba,26,0.6111201643943787,2026-05-03T02:00:00+00:00,2026-05-03T03:00:00+00:00,"[14, 15, 16, 17, 18, 19]"
CELO_USDT_SWAP,379,2026-05-03T02:00:00+00:00,362,2026-05-02T21:45:00+00:00,18,0.33770227432250977,0.4923597276210785,0.34799158573150635,0.8361201286315918,0.5965431928634644,370,376,373.0,2026-05-02T23:45:00+00:00,2026-05-03T01:15:00+00:00,2026-05-03T00:30:00+00:00,7,3,b2e4dc6a1a0ef36c,11,0.40565669536590576,2026-05-03T02:00:00+00:00,2026-05-03T03:15:00+00:00,"[17, 18, 19]"
ENA_USDT_SWAP,379,2026-05-03T02:00:00+00:00,365,2026-05-02T22:30:00+00:00,15,0.3481127917766571,0.4784602224826813,0.28344422578811646,0.8056727647781372,0.6679167747497559,372,376,374.0,2026-05-03T00:15:00+00:00,2026-05-03T01:15:00+00:00,2026-05-03T00:45:00+00:00,5,3,c823a8c82ad54495,47,0.788844883441925,2026-05-03T02:00:00+00:00,2026-05-03T03:15:00+00:00,"[13, 14, 15, 16, 17, 18, 19]"
ETC_USDT_SWAP,379,2026-05-03T02:00:00+00:00,362,2026-05-02T21:45:00+00:00,18,0.2966763377189636,0.47903960943222046,0.439203679561615,0.837867259979248,0.5814843773841858,370,376,373.0,2026-05-02T23:45:00+00:00,2026-05-03T01:15:00+00:00,2026-05-03T00:30:00+00:00,7,3,c23524c4b2a65a55,24,0.5408183932304382,2026-05-03T02:00:00+00:00,2026-05-03T03:15:00+00:00,"[15, 16, 17, 18, 19]"
FARTCOIN_USDT_SWAP,379,2026-05-03T02:00:00+00:00,363,2026-05-02T22:00:00+00:00,17,0.33776965737342834,0.47163811326026917,0.3809969127178192,0.8279765248298645,0.6696460247039795,371,376,373.5,2026-05-03T00:00:00+00:00,2026-05-03T01:15:00+00:00,2026-05-03T00:45:00+00:00,6,3,5e23b1727f93e11d,37,0.7252072691917419,2026-05-03T02:00:00+00:00,2026-05-03T03:15:00+00:00,"[14, 15, 16, 17, 18, 19]"
HYPE_USDT_SWAP,379,2026-05-03T02:00:00+00:00,365,2026-05-02T22:30:00+00:00,15,0.35158485174179077,0.48104920983314514,0.47794800996780396,0.8080145716667175,0.6124813556671143,372,376,374.0,2026-05-03T00:15:00+00:00,2026-05-03T01:15:00+00:00,2026-05-03T00:45:00+00:00,5,3,e399ab06316d38a9,14,0.48610588908195496,2026-05-03T02:00:00+00:00,2026-05-03T03:15:00+00:00,"[15, 16, 17, 18, 19]"
ICP_USDT_SWAP,379,2026-05-03T02:00:00+00:00,362,2026-05-02T21:45:00+00:00,18,0.30779367685317993,0.4865332245826721,0.43685969710350037,0.8353850245475769,0.6322658658027649,370,376,373.0,2026-05-02T23:45:00+00:00,2026-05-03T01:15:00+00:00,2026-05-03T00:30:00+00:00,7,3,1d0704f916b0a4c4,16,0.46419504284858704,2026-05-03T02:00:00+00:00,2026-05-03T03:15:00+00:00,"[16, 17, 18, 19]"
MAGIC_USDT_SWAP,379,2026-05-03T02:00:00+00:00,365,2026-05-02T22:30:00+00:00,15,0.5960124135017395,0.47762471437454224,0.3928324580192566,0.8076033592224121,0.561320424079895,372,376,374.0,2026-05-03T00:15:00+00:00,2026-05-03T01:15:00+00:00,2026-05-03T00:45:00+00:00,5,3,67f2674aff766f6e,49,0.6831750273704529,2026-05-03T02:00:00+00:00,2026-05-03T03:15:00+00:00,"[14, 15, 16, 17, 18, 19]"
MEME_USDT_SWAP,379,2026-05-03T02:00:00+00:00,362,2026-05-02T21:45:00+00:00,18,0.2826400399208069,0.49938544631004333,0.39385077357292175,0.8343812227249146,0.6141283512115479,370,376,373.0,2026-05-02T23:45:00+00:00,2026-05-03T01:15:00+00:00,2026-05-03T00:30:00+00:00,7,3,dab5532c2e3e963e,19,0.4299221336841583,2026-05-03T02:00:00+00:00,2026-05-03T03:00:00+00:00,"[15, 16, 17, 18, 19]"
NMR_USDT_SWAP,379,2026-05-03T02:00:00+00:00,366,2026-05-02T22:45:00+00:00,14,0.41915473341941833,0.5146309733390808,0.4395219385623932,0.7920340299606323,0.6004566550254822,373,376,374.5,2026-05-03T00:30:00+00:00,2026-05-03T01:15:00+00:00,2026-05-03T00:45:00+00:00,4,3,424779a95d863c6c,42,0.679455041885376,2026-05-03T02:00:00+00:00,2026-05-03T03:30:00+00:00,"[13, 14, 15, 16, 17, 18, 19]"
QTUM_USDT_SWAP,379,2026-05-03T02:00:00+00:00,361,2026-05-02T21:30:00+00:00,19,0.3588785231113434,0.5209112763404846,0.44374939799308777,0.8448670506477356,0.57044917345047,370,376,373.0,2026-05-02T23:45:00+00:00,2026-05-03T01:15:00+00:00,2026-05-03T00:30:00+00:00,7,3,2b67464b0a96e2ba,21,0.5089777708053589,2026-05-03T02:00:00+00:00,2026-05-03T03:00:00+00:00,"[15, 16, 17, 18, 19]"
SUI_USDT_SWAP,379,2026-05-03T02:00:00+00:00,362,2026-05-02T21:45:00+00:00,18,0.3828608989715576,0.48092707991600037,0.41144102811813354,0.83745276927948,0.5811325311660767,370,376,373.0,2026-05-02T23:45:00+00:00,2026-05-03T01:15:00+00:00,2026-05-03T00:30:00+00:00,7,3,ea1d4fc6979cf249,19,0.5518027544021606,2026-05-03T02:00:00+00:00,2026-05-03T03:15:00+00:00,"[16, 17, 18, 19]"
ZEN_USDT_SWAP,379,2026-05-03T02:00:00+00:00,362,2026-05-02T21:45:00+00:00,18,0.3690183460712433,0.5006085634231567,0.46889373660087585,0.8363000154495239,0.7318690419197083,371,376,373.5,2026-05-03T00:00:00+00:00,2026-05-03T01:15:00+00:00,2026-05-03T00:45:00+00:00,6,3,551d61bdc912122d,10,0.46101486682891846,2026-05-03T02:00:00+00:00,2026-05-03T02:45:00+00:00,"[14, 16, 17, 18, 19]"
AAVE_USDT_SWAP,380,2026-05-03T02:15:00+00:00,363,2026-05-02T22:00:00+00:00,18,0.32290005683898926,0.48233598470687866,0.4727300703525543,0.8373749852180481,0.6422509551048279,371,377,374.0,2026-05-03T00:00:00+00:00,2026-05-03T01:30:00+00:00,2026-05-03T00:45:00+00:00,7,3,b4742f81067559fb,8,0.3902134895324707,2026-05-03T02:15:00+00:00,2026-05-03T03:30:00+00:00,"[18, 19]"
ADA_USDT_SWAP,380,2026-05-03T02:15:00+00:00,363,2026-05-02T22:00:00+00:00,18,0.3671552836894989,0.476939857006073,0.44151565432548523,0.833885669708252,0.5739054679870605,371,377,374.0,2026-05-03T00:00:00+00:00,2026-05-03T01:30:00+00:00,2026-05-03T00:45:00+00:00,7,3,f7c63c98fbe54fd9,24,0.5744152665138245,2026-05-03T02:15:00+00:00,2026-05-03T03:15:00+00:00,"[15, 16, 17, 18, 19]"
APT_USDT_SWAP,380,2026-05-03T02:15:00+00:00,366,2026-05-02T22:45:00+00:00,15,0.33137810230255127,0.5410104990005493,0.4035049080848694,0.8077244758605957,0.6197456121444702,374,377,375.5,2026-05-03T00:45:00+00:00,2026-05-03T01:30:00+00:00,2026-05-03T01:15:00+00:00,4,3,ef4cd4a06b6ceff4,39,0.6585348844528198,2026-05-03T02:15:00+00:00,2026-05-03T04:15:00+00:00,"[14, 15, 16, 17, 18, 19]"
BICO_USDT_SWAP,380,2026-05-03T02:15:00+00:00,363,2026-05-02T22:00:00+00:00,18,0.3022296726703644,0.4877038896083832,0.33028608560562134,0.8379449844360352,0.5963201522827148,371,377,374.0,2026-05-03T00:00:00+00:00,2026-05-03T01:30:00+00:00,2026-05-03T00:45:00+00:00,7,3,7ddce52619debeba,19,0.6270991563796997,2026-05-03T02:15:00+00:00,2026-05-03T03:15:00+00:00,"[14, 15, 16, 17, 18, 19]"
CHZ_USDT_SWAP,380,2026-05-03T02:15:00+00:00,368,2026-05-02T23:15:00+00:00,13,0.2682991325855255,0.48004627227783203,0.36745038628578186,0.764797031879425,0.7689321041107178,374,377,375.5,2026-05-03T00:45:00+00:00,2026-05-03T01:30:00+00:00,2026-05-03T01:15:00+00:00,4,3,8a5389740ae91ac0,27,0.619247317314148,2026-05-03T02:15:00+00:00,2026-05-03T03:30:00+00:00,"[13, 14, 15, 16, 17, 18, 19]"
ENSO_USDT_SWAP,380,2026-05-03T02:15:00+00:00,362,2026-05-02T21:45:00+00:00,19,0.27949783205986023,0.5511978268623352,0.39587658643722534,0.8447966575622559,0.8678642511367798,372,377,374.5,2026-05-03T00:15:00+00:00,2026-05-03T01:30:00+00:00,2026-05-03T00:45:00+00:00,6,3,3bd4081fff5e8665,2,0.27949783205986023,2026-05-03T02:15:00+00:00,2026-05-03T02:15:00+00:00,"[18, 19]"
GLM_USDT_SWAP,380,2026-05-03T02:15:00+00:00,367,2026-05-02T23:00:00+00:00,14,0.3019074499607086,0.5136911869049072,0.39684027433395386,0.7981314063072205,0.45815175771713257,374,377,375.5,2026-05-03T00:45:00+00:00,2026-05-03T01:30:00+00:00,2026-05-03T01:15:00+00:00,4,3,ebf00e0f5075ad96,34,0.6930845975875854,2026-05-03T02:15:00+00:00,2026-05-03T03:45:00+00:00,"[12, 14, 15, 16, 17, 18, 19]"
HBAR_USDT_SWAP,380,2026-05-03T02:15:00+00:00,362,2026-05-02T21:45:00+00:00,19,0.29760345816612244,0.5047869086265564,0.4405836760997772,0.8424237370491028,0.5762401223182678,371,377,374.0,2026-05-03T00:00:00+00:00,2026-05-03T01:30:00+00:00,2026-05-03T00:45:00+00:00,7,3,3463524ef1b9d6f9,25,0.5539280772209167,2026-05-03T02:15:00+00:00,2026-05-03T03:30:00+00:00,"[16, 17, 18, 19]"
IOTA_USDT_SWAP,380,2026-05-03T02:15:00+00:00,363,2026-05-02T22:00:00+00:00,18,0.29047563672065735,0.4807802736759186,0.4206518828868866,0.8316594362258911,0.6004779934883118,371,377,374.0,2026-05-03T00:00:00+00:00,2026-05-03T01:30:00+00:00,2026-05-03T00:45:00+00:00,7,3,f0858cc4e17d36d5,8,0.3568245470523834,2026-05-03T02:15:00+00:00,2026-05-03T03:30:00+00:00,"[18, 19]"
JUP_USDT_SWAP,380,2026-05-03T02:15:00+00:00,363,2026-05-02T22:00:00+00:00,18,0.26759493350982666,0.48206382989883423,0.3854483962059021,0.8366114497184753,0.5891566872596741,371,377,374.0,2026-05-03T00:00:00+00:00,2026-05-03T01:30:00+00:00,2026-05-03T00:45:00+00:00,7,3,b420b0f1b90061cf,16,0.5646408200263977,2026-05-03T02:15:00+00:00,2026-05-03T03:15:00+00:00,"[15, 16, 17, 18, 19]"
LINEA_USDT_SWAP,380,2026-05-03T02:15:00+00:00,365,2026-05-02T22:30:00+00:00,16,0.4717687666416168,0.43614310026168823,0.4408549666404724,0.8131019473075867,0.5701918005943298,372,377,374.5,2026-05-03T00:15:00+00:00,2026-05-03T01:30:00+00:00,2026-05-03T00:45:00+00:00,6,3,4c1b47f6f06a6bd1,41,0.6883189678192139,2026-05-03T02:15:00+00:00,2026-05-03T03:30:00+00:00,"[14, 15, 16, 17, 18, 19]"
LINK_USDT_SWAP,380,2026-05-03T02:15:00+00:00,362,2026-05-02T21:45:00+00:00,19,0.3217677175998688,0.5257790088653564,0.4626734256744385,0.8436099290847778,0.5919618606567383,371,377,374.0,2026-05-03T00:00:00+00:00,2026-05-03T01:30:00+00:00,2026-05-03T00:45:00+00:00,7,3,b9eaebcfeb6c7385,12,0.46653586626052856,2026-05-03T02:15:00+00:00,2026-05-03T03:45:00+00:00,"[17, 18, 19]"
NEO_USDT_SWAP,380,2026-05-03T02:15:00+00:00,363,2026-05-02T22:00:00+00:00,18,0.33437609672546387,0.486727774143219,0.41702061891555786,0.8370593786239624,0.5794949531555176,371,377,374.0,2026-05-03T00:00:00+00:00,2026-05-03T01:30:00+00:00,2026-05-03T00:45:00+00:00,7,3,af296aac198369fb,15,0.45897313952445984,2026-05-03T02:15:00+00:00,2026-05-03T03:30:00+00:00,"[16, 17, 18, 19]"
ONT_USDT_SWAP,380,2026-05-03T02:15:00+00:00,364,2026-05-02T22:15:00+00:00,17,0.6644211411476135,0.4760207235813141,0.4447898864746094,0.824202835559845,0.6235135793685913,372,377,374.5,2026-05-03T00:15:00+00:00,2026-05-03T01:30:00+00:00,2026-05-03T00:45:00+00:00,6,3,b3e9cf39fe40f578,34,0.6644211411476135,2026-05-03T02:15:00+00:00,2026-05-03T03:30:00+00:00,"[15, 16, 17, 18, 19]"
PEOPLE_USDT_SWAP,380,2026-05-03T02:15:00+00:00,364,2026-05-02T22:15:00+00:00,17,0.28126975893974304,0.43669143319129944,0.38431161642074585,0.8241931200027466,0.7617862820625305,371,377,374.0,2026-05-03T00:00:00+00:00,2026-05-03T01:30:00+00:00,2026-05-03T00:45:00+00:00,7,3,c6a2a3fdfecea05b,13,0.4361647665500641,2026-05-03T02:15:00+00:00,2026-05-03T03:30:00+00:00,"[17, 18, 19]"
PEPE_USDT_SWAP,380,2026-05-03T02:15:00+00:00,363,2026-05-02T22:00:00+00:00,18,0.25820887088775635,0.48620161414146423,0.4607589542865753,0.8343044519424438,0.6297872066497803,371,377,374.0,2026-05-03T00:00:00+00:00,2026-05-03T01:30:00+00:00,2026-05-03T00:45:00+00:00,7,3,6f018b8dcedffd24,18,0.5590302348136902,2026-05-03T02:15:00+00:00,2026-05-03T03:15:00+00:00,"[16, 17, 18, 19]"
S_USDT_SWAP,380,2026-05-03T02:15:00+00:00,367,2026-05-02T23:00:00+00:00,14,0.3598966598510742,0.515450656414032,0.4558294713497162,0.7921605706214905,0.6408705115318298,374,377,375.5,2026-05-03T00:45:00+00:00,2026-05-03T01:30:00+00:00,2026-05-03T01:15:00+00:00,4,3,2253ac9ad5147953,35,0.6324048042297363,2026-05-03T02:15:00+00:00,2026-05-03T04:00:00+00:00,"[14, 15, 16, 17, 18, 19]"
WOO_USDT_SWAP,380,2026-05-03T02:15:00+00:00,364,2026-05-02T22:15:00+00:00,17,0.29537340998649597,0.43417495489120483,0.43257012963294983,0.8202414512634277,0.5944939255714417,371,377,374.0,2026-05-03T00:00:00+00:00,2026-05-03T01:30:00+00:00,2026-05-03T00:45:00+00:00,7,3,5fed4d0aede775df,15,0.5352951884269714,2026-05-03T02:15:00+00:00,2026-05-03T03:15:00+00:00,"[15, 16, 17, 18, 19]"
W_USDT_SWAP,380,2026-05-03T02:15:00+00:00,364,2026-05-02T22:15:00+00:00,17,0.42636242508888245,0.4523990750312805,0.3865721523761749,0.8253302574157715,0.6409900784492493,371,377,374.0,2026-05-03T00:00:00+00:00,2026-05-03T01:30:00+00:00,2026-05-03T00:45:00+00:00,7,3,21a75e5b499faffd,29,0.6128465533256531,2026-05-03T02:15:00+00:00,2026-05-03T03:15:00+00:00,"[15, 16, 17, 18, 19]"
YFI_USDT_SWAP,380,2026-05-03T02:15:00+00:00,363,2026-05-02T22:00:00+00:00,18,0.3900384306907654,0.47348013520240784,0.424568772315979,0.833138644695282,0.5480468273162842,371,377,374.0,2026-05-03T00:00:00+00:00,2026-05-03T01:30:00+00:00,2026-05-03T00:45:00+00:00,7,3,d05dddd7a598eb29,23,0.5297160148620605,2026-05-03T02:15:00+00:00,2026-05-03T03:30:00+00:00,"[15, 16, 17, 18, 19]"
AZTEC_USDT_SWAP,381,2026-05-03T02:30:00+00:00,364,2026-05-02T22:15:00+00:00,18,0.6322622895240784,0.5005311369895935,0.42575427889823914,0.8299132585525513,0.627792477607727,373,378,375.5,2026-05-03T00:30:00+00:00,2026-05-03T01:45:00+00:00,2026-05-03T01:15:00+00:00,6,3,0add94700cb806a8,31,0.6322622895240784,2026-05-03T02:30:00+00:00,2026-05-03T04:00:00+00:00,"[16, 17, 18, 19]"
BERA_USDT_SWAP,381,2026-05-03T02:30:00+00:00,364,2026-05-02T22:15:00+00:00,18,0.28463223576545715,0.49039560556411743,0.4242166578769684,0.8386001586914062,0.6280437111854553,372,378,375.0,2026-05-03T00:15:00+00:00,2026-05-03T01:45:00+00:00,2026-05-03T01:00:00+00:00,7,3,2c741a6aa47185c3,16,0.44312313199043274,2026-05-03T02:30:00+00:00,2026-05-03T03:45:00+00:00,"[17, 18, 19]"
DOOD_USDT_SWAP,381,2026-05-03T02:30:00+00:00,363,2026-05-02T22:00:00+00:00,19,0.3281310796737671,0.5221730470657349,0.4041439890861511,0.8443833589553833,0.6396093964576721,372,378,375.0,2026-05-03T00:15:00+00:00,2026-05-03T01:45:00+00:00,2026-05-03T01:00:00+00:00,7,3,ef84c1b07f1ca716,26,0.5741314888000488,2026-05-03T02:30:00+00:00,2026-05-03T03:30:00+00:00,"[15, 16, 17, 18, 19]"
FLOKI_USDT_SWAP,381,2026-05-03T02:30:00+00:00,366,2026-05-02T22:45:00+00:00,16,0.6177808046340942,0.5123025178909302,0.4170205295085907,0.8364823460578918,0.5697417259216309,374,379,376.5,2026-05-03T00:45:00+00:00,2026-05-03T02:00:00+00:00,2026-05-03T01:15:00+00:00,6,2,0a11b78cedc38625,54,0.6893594264984131,2026-05-03T02:30:00+00:00,2026-05-03T04:15:00+00:00,"[14, 15, 16, 17, 18, 19]"
GAS_USDT_SWAP,381,2026-05-03T02:30:00+00:00,365,2026-05-02T22:30:00+00:00,17,0.6584751009941101,0.47324204444885254,0.4371817111968994,0.8237112760543823,0.5779366493225098,373,378,375.5,2026-05-03T00:30:00+00:00,2026-05-03T01:45:00+00:00,2026-05-03T01:15:00+00:00,6,3,5a1070db537714db,23,0.6584751009941101,2026-05-03T02:30:00+00:00,2026-05-03T03:30:00+00:00,"[15, 16, 17, 18, 19]"
LQTY_USDT_SWAP,381,2026-05-03T02:30:00+00:00,363,2026-05-02T22:00:00+00:00,19,0.2845076620578766,0.5254234075546265,0.4144619405269623,0.8431826829910278,0.6888387203216553,372,378,375.0,2026-05-03T00:15:00+00:00,2026-05-03T01:45:00+00:00,2026-05-03T01:00:00+00:00,7,3,2ccc47e18bf6af0a,22,0.4984627664089203,2026-05-03T02:30:00+00:00,2026-05-03T04:00:00+00:00,"[15, 16, 17, 18, 19]"
MASK_USDT_SWAP,381,2026-05-03T02:30:00+00:00,363,2026-05-02T22:00:00+00:00,19,0.2656412422657013,0.4263674318790436,0.3421250879764557,0.796520471572876,0.6051489114761353,371,377,374.0,2026-05-03T00:00:00+00:00,2026-05-03T01:30:00+00:00,2026-05-03T00:45:00+00:00,7,4,c4564ca71a2d3810,16,0.5146247148513794,2026-05-03T02:30:00+00:00,2026-05-03T03:15:00+00:00,"[14, 15, 16, 17, 18, 19]"
MORPHO_USDT_SWAP,381,2026-05-03T02:30:00+00:00,363,2026-05-02T22:00:00+00:00,19,0.3282584249973297,0.5290302038192749,0.4690760672092438,0.844534695148468,0.6135744452476501,373,378,375.5,2026-05-03T00:30:00+00:00,2026-05-03T01:45:00+00:00,2026-05-03T01:15:00+00:00,6,3,6586aa77af6ffee6,7,0.42153283953666687,2026-05-03T02:30:00+00:00,2026-05-03T03:15:00+00:00,"[17, 18, 19]"
ORCL_USDT_SWAP,381,2026-05-03T02:30:00+00:00,366,2026-05-02T22:45:00+00:00,16,0.3091687262058258,0.4960288405418396,0.4439401626586914,0.8290145993232727,0.510745108127594,373,379,376.0,2026-05-03T00:30:00+00:00,2026-05-03T02:00:00+00:00,2026-05-03T01:15:00+00:00,7,2,ca2e54ae5483b66d,5,0.35926175117492676,2026-05-03T02:30:00+00:00,2026-05-03T03:15:00+00:00,"[16, 18, 19]"
RESOLV_USDT_SWAP,381,2026-05-03T02:30:00+00:00,364,2026-05-02T22:15:00+00:00,18,0.3571012616157532,0.47474154829978943,0.3433821201324463,0.837103009223938,0.541658341884613,372,378,375.0,2026-05-03T00:15:00+00:00,2026-05-03T01:45:00+00:00,2026-05-03T01:00:00+00:00,7,3,404344022327533d,25,0.6378814578056335,2026-05-03T02:30:00+00:00,2026-05-03T03:30:00+00:00,"[14, 15, 16, 17, 18, 19]"
SIGN_USDT_SWAP,381,2026-05-03T02:30:00+00:00,366,2026-05-02T22:45:00+00:00,16,0.6622464060783386,0.4414913058280945,0.4297143518924713,0.8144429326057434,0.5968164205551147,373,378,375.5,2026-05-03T00:30:00+00:00,2026-05-03T01:45:00+00:00,2026-05-03T01:15:00+00:00,6,3,37622c24fb562339,39,0.6622464060783386,2026-05-03T02:30:00+00:00,2026-05-03T04:00:00+00:00,"[15, 16, 17, 18, 19]"
SPX_USDT_SWAP,381,2026-05-03T02:30:00+00:00,364,2026-05-02T22:15:00+00:00,18,0.3670347332954407,0.49744877219200134,0.46053868532180786,0.8381079435348511,0.6710043549537659,372,378,375.0,2026-05-03T00:15:00+00:00,2026-05-03T01:45:00+00:00,2026-05-03T01:00:00+00:00,7,3,66606d993e688a6d,26,0.49211856722831726,2026-05-03T02:30:00+00:00,2026-05-03T03:45:00+00:00,"[16, 17, 18, 19]"
SYRUP_USDT_SWAP,381,2026-05-03T02:30:00+00:00,365,2026-05-02T22:30:00+00:00,17,0.2553654909133911,0.44181951880455017,0.4677022397518158,0.8254917860031128,0.6266354322433472,372,378,375.0,2026-05-03T00:15:00+00:00,2026-05-03T01:45:00+00:00,2026-05-03T01:00:00+00:00,7,3,0a43ef457fd22577,3,0.275297611951828,2026-05-03T02:30:00+00:00,2026-05-03T03:00:00+00:00,"[17, 18, 19]"
VANA_USDT_SWAP,381,2026-05-03T02:30:00+00:00,366,2026-05-02T22:45:00+00:00,16,0.579734206199646,0.4425112307071686,0.4129420220851898,0.8159009218215942,0.6487768292427063,373,378,375.5,2026-05-03T00:30:00+00:00,2026-05-03T01:45:00+00:00,2026-05-03T01:15:00+00:00,6,3,a6df142da69db79d,42,0.7546842694282532,2026-05-03T02:30:00+00:00,2026-05-03T04:00:00+00:00,"[15, 16, 17, 18, 19]"
AERO_USDT_SWAP,382,2026-05-03T02:45:00+00:00,368,2026-05-02T23:15:00+00:00,15,0.515475332736969,0.48115697503089905,0.47557222843170166,0.8037093281745911,0.6150581240653992,375,379,377.0,2026-05-03T01:00:00+00:00,2026-05-03T02:00:00+00:00,2026-05-03T01:30:00+00:00,5,3,8d70a1a0d5d9d5ff,39,0.5591031312942505,2026-05-03T02:45:00+00:00,2026-05-03T04:30:00+00:00,"[14, 15, 16, 17, 18, 19]"
AEVO_USDT_SWAP,382,2026-05-03T02:45:00+00:00,369,2026-05-02T23:30:00+00:00,14,0.5979813933372498,0.5136297941207886,0.48016196489334106,0.7922204732894897,0.6868378520011902,376,379,377.5,2026-05-03T01:15:00+00:00,2026-05-03T02:00:00+00:00,2026-05-03T01:45:00+00:00,4,3,7683176024bd9af0,50,0.7003302574157715,2026-05-03T02:45:00+00:00,2026-05-03T04:30:00+00:00,"[14, 15, 16, 17, 18, 19]"
ANIME_USDT_SWAP,382,2026-05-03T02:45:00+00:00,365,2026-05-02T22:30:00+00:00,18,0.2667761445045471,0.5667402744293213,0.4866808354854584,0.8464587926864624,0.6248078346252441,375,380,377.5,2026-05-03T01:00:00+00:00,2026-05-03T02:15:00+00:00,2026-05-03T01:45:00+00:00,6,2,d4a409921651a7cc,29,0.6173009872436523,2026-05-03T02:45:00+00:00,2026-05-03T04:00:00+00:00,"[16, 17, 18, 19]"
ATH_USDT_SWAP,382,2026-05-03T02:45:00+00:00,369,2026-05-02T23:30:00+00:00,14,0.2692580223083496,0.5138291716575623,0.5153304934501648,0.7908377051353455,0.6699931025505066,376,379,377.5,2026-05-03T01:15:00+00:00,2026-05-03T02:00:00+00:00,2026-05-03T01:45:00+00:00,4,3,cf902aa9865b622c,25,0.5935138463973999,2026-05-03T02:45:00+00:00,2026-05-03T04:00:00+00:00,"[14, 15, 16, 17, 18, 19]"
BLUR_USDT_SWAP,382,2026-05-03T02:45:00+00:00,365,2026-05-02T22:30:00+00:00,18,0.33558908104896545,0.49825015664100647,0.6034942269325256,0.8378620147705078,0.8531812429428101,373,379,376.0,2026-05-03T00:30:00+00:00,2026-05-03T02:00:00+00:00,2026-05-03T01:15:00+00:00,7,3,46f11f7e9a4dd453,9,0.3481103777885437,2026-05-03T02:45:00+00:00,2026-05-03T03:00:00+00:00,"[16, 17, 18, 19]"
COIN_USDT_SWAP,382,2026-05-03T02:45:00+00:00,366,2026-05-02T22:45:00+00:00,17,0.3585279583930969,0.43760132789611816,0.4745498299598694,0.8175873756408691,0.5317818522453308,373,379,376.0,2026-05-03T00:30:00+00:00,2026-05-03T02:00:00+00:00,2026-05-03T01:15:00+00:00,7,3,379b223fbd79a431,6,0.3596191704273224,2026-05-03T02:45:00+00:00,2026-05-03T03:15:00+00:00,"[17, 18, 19]"
ENS_USDT_SWAP,382,2026-05-03T02:45:00+00:00,366,2026-05-02T22:45:00+00:00,17,0.32706108689308167,0.5375848412513733,0.48647812008857727,0.8424530029296875,0.6419489979743958,375,380,377.5,2026-05-03T01:00:00+00:00,2026-05-03T02:15:00+00:00,2026-05-03T01:45:00+00:00,6,2,01c1f9db3770221c,34,0.6431856155395508,2026-05-03T02:45:00+00:00,2026-05-03T04:00:00+00:00,"[15, 16, 17, 18, 19]"
FIL_USDT_SWAP,382,2026-05-03T02:45:00+00:00,368,2026-05-02T23:15:00+00:00,15,0.40659627318382263,0.48353075981140137,0.44302594661712646,0.8077973127365112,0.6609314680099487,375,379,377.0,2026-05-03T01:00:00+00:00,2026-05-03T02:00:00+00:00,2026-05-03T01:30:00+00:00,5,3,6d5318eccbaf5a9b,25,0.4360195994377136,2026-05-03T02:45:00+00:00,2026-05-03T04:30:00+00:00,"[15, 16, 17, 18, 19]"
SPK_USDT_SWAP,382,2026-05-03T02:45:00+00:00,370,2026-05-02T23:45:00+00:00,13,0.5088438391685486,0.4859350621700287,0.46132543683052063,0.8390105962753296,0.9256294965744019,376,380,378.0,2026-05-03T01:15:00+00:00,2026-05-03T02:15:00+00:00,2026-05-03T01:45:00+00:00,5,2,3adc9684bdac53ef,34,0.7726307511329651,2026-05-03T02:45:00+00:00,2026-05-03T04:45:00+00:00,"[13, 14, 15, 16, 17, 18, 19]"
XRP_USDT_SWAP,382,2026-05-03T02:45:00+00:00,365,2026-05-02T22:30:00+00:00,18,0.44823554158210754,0.5024443864822388,0.5059084296226501,0.8328812718391418,0.6023660898208618,374,379,376.5,2026-05-03T00:45:00+00:00,2026-05-03T02:00:00+00:00,2026-05-03T01:15:00+00:00,6,3,b639af1a554d33a5,20,0.5390002727508545,2026-05-03T02:45:00+00:00,2026-05-03T04:00:00+00:00,"[16, 17, 18, 19]"
1INCH_USDT_SWAP,383,2026-05-03T03:00:00+00:00,366,2026-05-02T22:45:00+00:00,18,0.3916773200035095,0.48802995681762695,0.4846956133842468,0.8380391001701355,0.6675008535385132,374,380,377.0,2026-05-03T00:45:00+00:00,2026-05-03T02:15:00+00:00,2026-05-03T01:30:00+00:00,7,3,fd3ca2f9be2c62a6,15,0.5045038461685181,2026-05-03T03:00:00+00:00,2026-05-03T04:30:00+00:00,"[17, 18, 19]"
APE_USDT_SWAP,383,2026-05-03T03:00:00+00:00,369,2026-05-02T23:30:00+00:00,15,0.5013688802719116,0.47776708006858826,0.17933329939842224,0.8009830713272095,0.6655722856521606,376,380,378.0,2026-05-03T01:15:00+00:00,2026-05-03T02:15:00+00:00,2026-05-03T01:45:00+00:00,5,3,6f626d2bccfbcac7,27,0.5802627801895142,2026-05-03T03:00:00+00:00,2026-05-03T04:15:00+00:00,"[13, 14, 15, 16, 17, 18, 19]"
A_USDT_SWAP,383,2026-05-03T03:00:00+00:00,366,2026-05-02T22:45:00+00:00,18,0.41093504428863525,0.4918389916419983,0.49198612570762634,0.8379886746406555,0.7079176306724548,374,380,377.0,2026-05-03T00:45:00+00:00,2026-05-03T02:15:00+00:00,2026-05-03T01:30:00+00:00,7,3,3eb5a08390e5dc35,18,0.41093504428863525,2026-05-03T03:00:00+00:00,2026-05-03T04:30:00+00:00,"[17, 18, 19]"
BONK_USDT_SWAP,383,2026-05-03T03:00:00+00:00,370,2026-05-02T23:45:00+00:00,14,0.3965403437614441,0.5138454437255859,0.5163898468017578,0.7899793386459351,0.6674835681915283,377,380,378.5,2026-05-03T01:30:00+00:00,2026-05-03T02:15:00+00:00,2026-05-03T01:45:00+00:00,4,3,b65697d9e4855b51,35,0.6818932294845581,2026-05-03T03:00:00+00:00,2026-05-03T04:15:00+00:00,"[14, 15, 16, 17, 18, 19]"
HOOD_USDT_SWAP,383,2026-05-03T03:00:00+00:00,365,2026-05-02T22:30:00+00:00,19,0.31828874349594116,0.49057140946388245,0.47781631350517273,0.8368273973464966,0.5337238311767578,374,380,377.0,2026-05-03T00:45:00+00:00,2026-05-03T02:15:00+00:00,2026-05-03T01:30:00+00:00,7,3,92af935f438af49d,2,0.31828874349594116,2026-05-03T03:00:00+00:00,2026-05-03T03:00:00+00:00,"[18, 19]"
SENT_USDT_SWAP,383,2026-05-03T03:00:00+00:00,365,2026-05-02T22:30:00+00:00,19,0.29209092259407043,0.5147879123687744,0.4390340745449066,0.8448615074157715,0.6569666266441345,374,380,377.0,2026-05-03T00:45:00+00:00,2026-05-03T02:15:00+00:00,2026-05-03T01:30:00+00:00,7,3,62bd45d3e17422fd,14,0.42839476466178894,2026-05-03T03:00:00+00:00,2026-05-03T04:30:00+00:00,"[17, 18, 19]"
SHIB_USDT_SWAP,383,2026-05-03T03:00:00+00:00,368,2026-05-02T23:15:00+00:00,16,0.4248039126396179,0.4400857388973236,0.45646148920059204,0.8136618733406067,0.6208652853965759,375,380,377.5,2026-05-03T01:00:00+00:00,2026-05-03T02:15:00+00:00,2026-05-03T01:45:00+00:00,6,3,d8c08e6c7bc0bc6d,14,0.4248039126396179,2026-05-03T03:00:00+00:00,2026-05-03T03:45:00+00:00,"[16, 17, 18, 19]"
TIA_USDT_SWAP,383,2026-05-03T03:00:00+00:00,367,2026-05-02T23:00:00+00:00,17,0.3838832974433899,0.4738888144493103,0.4268450438976288,0.8264163732528687,0.6969779133796692,375,380,377.5,2026-05-03T01:00:00+00:00,2026-05-03T02:15:00+00:00,2026-05-03T01:45:00+00:00,6,3,39d148b12e2d2d6b,25,0.4703979194164276,2026-05-03T03:00:00+00:00,2026-05-03T04:15:00+00:00,"[15, 16, 17, 18, 19]"
WCT_USDT_SWAP,383,2026-05-03T03:00:00+00:00,367,2026-05-02T23:00:00+00:00,17,0.6112866997718811,0.4724898934364319,0.4071962535381317,0.8262333869934082,0.7153320908546448,375,380,377.5,2026-05-03T01:00:00+00:00,2026-05-03T02:15:00+00:00,2026-05-03T01:45:00+00:00,6,3,20ca0290d25438dc,41,0.7642531991004944,2026-05-03T03:00:00+00:00,2026-05-03T04:30:00+00:00,"[12, 14, 15, 16, 17, 18, 19]"
XTZ_USDT_SWAP,383,2026-05-03T03:00:00+00:00,365,2026-05-02T22:30:00+00:00,19,0.28983041644096375,0.5230849981307983,0.5408487915992737,0.8454610705375671,0.6266444325447083,374,380,377.0,2026-05-03T00:45:00+00:00,2026-05-03T02:15:00+00:00,2026-05-03T01:30:00+00:00,7,3,8ab1c422d5ca4de2,1,0.28983041644096375,2026-05-03T03:00:00+00:00,2026-05-03T03:00:00+00:00,[19]
AVAX_USDT_SWAP,384,2026-05-03T03:15:00+00:00,369,2026-05-02T23:30:00+00:00,16,0.2536819577217102,0.5066226720809937,0.5192477703094482,0.8156256675720215,0.6227663159370422,377,381,379.0,2026-05-03T01:30:00+00:00,2026-05-03T02:30:00+00:00,2026-05-03T02:00:00+00:00,5,3,151c3a06bf83a756,30,0.5376035571098328,2026-05-03T03:15:00+00:00,2026-05-03T05:00:00+00:00,"[15, 16, 17, 18, 19]"
BAT_USDT_SWAP,384,2026-05-03T03:15:00+00:00,367,2026-05-02T23:00:00+00:00,18,0.34112268686294556,0.4836997389793396,0.5040135383605957,0.8338848948478699,0.5998597145080566,375,381,378.0,2026-05-03T01:00:00+00:00,2026-05-03T02:30:00+00:00,2026-05-03T01:45:00+00:00,7,3,04ca9d7c4017fb81,7,0.3471010625362396,2026-05-03T03:15:00+00:00,2026-05-03T04:00:00+00:00,"[18, 19]"
CELO_USDT_SWAP,384,2026-05-03T03:15:00+00:00,370,2026-05-02T23:45:00+00:00,15,0.33807435631752014,0.48079028725624084,0.4525016248226166,0.8092244863510132,0.6572007536888123,377,381,379.0,2026-05-03T01:30:00+00:00,2026-05-03T02:30:00+00:00,2026-05-03T02:00:00+00:00,5,3,6b29fc86efe5c572,24,0.5308923125267029,2026-05-03T03:15:00+00:00,2026-05-03T04:30:00+00:00,"[15, 16, 17, 18, 19]"
CRO_USDT_SWAP,384,2026-05-03T03:15:00+00:00,367,2026-05-02T23:00:00+00:00,18,0.2972143888473511,0.46694788336753845,0.48803097009658813,0.8206837773323059,0.5561214089393616,375,381,378.0,2026-05-03T01:00:00+00:00,2026-05-03T02:30:00+00:00,2026-05-03T01:45:00+00:00,7,3,3c79519620b23628,5,0.3342456817626953,2026-05-03T03:15:00+00:00,2026-05-03T03:30:00+00:00,"[18, 19]"
ETC_USDT_SWAP,384,2026-05-03T03:15:00+00:00,366,2026-05-02T22:45:00+00:00,19,0.301146537065506,0.5311391353607178,0.5292034149169922,0.8433918952941895,0.6069566011428833,376,381,378.5,2026-05-03T01:15:00+00:00,2026-05-03T02:30:00+00:00,2026-05-03T01:45:00+00:00,6,3,921ab8694327a80e,10,0.44583335518836975,2026-05-03T03:15:00+00:00,2026-05-03T04:00:00+00:00,"[17, 18, 19]"
FARTCOIN_USDT_SWAP,384,2026-05-03T03:15:00+00:00,370,2026-05-02T23:45:00+00:00,15,0.4339161217212677,0.4852287173271179,0.5741599202156067,0.8055071830749512,0.6876375079154968,377,381,379.0,2026-05-03T01:30:00+00:00,2026-05-03T02:30:00+00:00,2026-05-03T02:00:00+00:00,5,3,5098b2be9d95295c,36,0.6139965653419495,2026-05-03T03:15:00+00:00,2026-05-03T04:30:00+00:00,"[15, 16, 17, 18, 19]"
LTC_USDT_SWAP,384,2026-05-03T03:15:00+00:00,368,2026-05-02T23:15:00+00:00,17,0.2715563476085663,0.4439077377319336,0.49767741560935974,0.8168402910232544,0.5694848299026489,375,381,378.0,2026-05-03T01:00:00+00:00,2026-05-03T02:30:00+00:00,2026-05-03T01:45:00+00:00,7,3,29489d427fabbd70,2,0.33504992723464966,2026-05-03T03:15:00+00:00,2026-05-03T03:30:00+00:00,"[17, 19]"
MEME_USDT_SWAP,384,2026-05-03T03:15:00+00:00,367,2026-05-02T23:00:00+00:00,18,0.3933008313179016,0.5010468363761902,0.5174126029014587,0.8386033177375793,0.703770637512207,376,381,378.5,2026-05-03T01:15:00+00:00,2026-05-03T02:30:00+00:00,2026-05-03T01:45:00+00:00,6,3,7c995389730a4118,9,0.3933008313179016,2026-05-03T03:15:00+00:00,2026-05-03T04:15:00+00:00,"[17, 18, 19]"
ONE_USDT_SWAP,384,2026-05-03T03:15:00+00:00,367,2026-05-02T23:00:00+00:00,18,0.44396060705184937,0.484121173620224,0.48160290718078613,0.8381794691085815,0.6750974059104919,375,381,378.0,2026-05-03T01:00:00+00:00,2026-05-03T02:30:00+00:00,2026-05-03T01:45:00+00:00,7,3,4761f8d821b253d2,16,0.44396060705184937,2026-05-03T03:15:00+00:00,2026-05-03T04:30:00+00:00,"[17, 18, 19]"
QTUM_USDT_SWAP,384,2026-05-03T03:15:00+00:00,367,2026-05-02T23:00:00+00:00,18,0.47523748874664307,0.5034810304641724,0.4981926381587982,0.8361788988113403,0.6075147986412048,376,381,378.5,2026-05-03T01:15:00+00:00,2026-05-03T02:30:00+00:00,2026-05-03T01:45:00+00:00,6,3,aa7d6aa1e662f288,12,0.47523748874664307,2026-05-03T03:15:00+00:00,2026-05-03T04:30:00+00:00,"[17, 18, 19]"
SOL_USDT_SWAP,384,2026-05-03T03:15:00+00:00,367,2026-05-02T23:00:00+00:00,18,0.39859217405319214,0.5001117587089539,0.5005418062210083,0.8325321078300476,0.5761521458625793,376,381,378.5,2026-05-03T01:15:00+00:00,2026-05-03T02:30:00+00:00,2026-05-03T01:45:00+00:00,6,3,676283f035cc8e86,21,0.4438958466053009,2026-05-03T03:15:00+00:00,2026-05-03T04:30:00+00:00,"[17, 18, 19]"
SUI_USDT_SWAP,384,2026-05-03T03:15:00+00:00,366,2026-05-02T22:45:00+00:00,19,0.3669947385787964,0.5300371646881104,0.5225375890731812,0.8443633317947388,0.6293387413024902,376,381,378.5,2026-05-03T01:15:00+00:00,2026-05-03T02:30:00+00:00,2026-05-03T01:45:00+00:00,6,3,2377e44155c82824,14,0.507300078868866,2026-05-03T03:15:00+00:00,2026-05-03T04:00:00+00:00,"[17, 18, 19]"
TRUTH_USDT_SWAP,384,2026-05-03T03:15:00+00:00,367,2026-05-02T23:00:00+00:00,18,0.2851913869380951,0.4829332232475281,0.5422688722610474,0.8320035934448242,0.6638347506523132,375,381,378.0,2026-05-03T01:00:00+00:00,2026-05-03T02:30:00+00:00,2026-05-03T01:45:00+00:00,7,3,5f4f92ee367ffb33,4,0.2851913869380951,2026-05-03T03:15:00+00:00,2026-05-03T03:30:00+00:00,"[18, 19]"
WIF_USDT_SWAP,384,2026-05-03T03:15:00+00:00,369,2026-05-02T23:30:00+00:00,16,0.6953545212745667,0.44600528478622437,0.4674715995788574,0.8087218403816223,0.6624254584312439,376,381,378.5,2026-05-03T01:15:00+00:00,2026-05-03T02:30:00+00:00,2026-05-03T01:45:00+00:00,6,3,499f7965da1846e7,19,0.6953545212745667,2026-05-03T03:15:00+00:00,2026-05-03T03:45:00+00:00,"[16, 17, 18, 19]"
XLM_USDT_SWAP,384,2026-05-03T03:15:00+00:00,367,2026-05-02T23:00:00+00:00,18,0.46975716948509216,0.5004739165306091,0.5110574960708618,0.833825409412384,0.6179133653640747,376,381,378.5,2026-05-03T01:15:00+00:00,2026-05-03T02:30:00+00:00,2026-05-03T01:45:00+00:00,6,3,bf987b8c8d5317a1,9,0.48100313544273376,2026-05-03T03:15:00+00:00,2026-05-03T03:45:00+00:00,"[16, 17, 18, 19]"
ADA_USDT_SWAP,385,2026-05-03T03:30:00+00:00,368,2026-05-02T23:15:00+00:00,18,0.5260097980499268,0.5001937747001648,0.5103005766868591,0.8341900110244751,0.5992866158485413,377,382,379.5,2026-05-03T01:30:00+00:00,2026-05-03T02:45:00+00:00,2026-05-03T02:15:00+00:00,6,3,069f45e014457064,16,0.5260097980499268,2026-05-03T03:30:00+00:00,2026-05-03T04:15:00+00:00,"[16, 17, 18, 19]"
BICO_USDT_SWAP,385,2026-05-03T03:30:00+00:00,368,2026-05-02T23:15:00+00:00,18,0.5004979372024536,0.5049006342887878,0.4713543951511383,0.8341593742370605,0.712906002998352,377,382,379.5,2026-05-03T01:30:00+00:00,2026-05-03T02:45:00+00:00,2026-05-03T02:15:00+00:00,6,3,3badbb19fadade91,10,0.5004979372024536,2026-05-03T03:30:00+00:00,2026-05-03T04:00:00+00:00,"[16, 17, 18, 19]"
BNB_USDT_SWAP,385,2026-05-03T03:30:00+00:00,367,2026-05-02T23:00:00+00:00,19,0.276300847530365,0.4842448830604553,0.513499915599823,0.8397717475891113,0.5598863959312439,376,382,379.0,2026-05-03T01:15:00+00:00,2026-05-03T02:45:00+00:00,2026-05-03T02:00:00+00:00,7,3,6bc5d59e3482cd9c,3,0.30096563696861267,2026-05-03T03:30:00+00:00,2026-05-03T03:45:00+00:00,"[18, 19]"
BREV_USDT_SWAP,385,2026-05-03T03:30:00+00:00,368,2026-05-02T23:15:00+00:00,18,0.2846750319004059,0.4969692826271057,0.47501230239868164,0.8358839750289917,0.6956566572189331,376,382,379.0,2026-05-03T01:15:00+00:00,2026-05-03T02:45:00+00:00,2026-05-03T02:00:00+00:00,7,3,34d62c9d30a45fa7,2,0.2846750319004059,2026-05-03T03:30:00+00:00,2026-05-03T03:30:00+00:00,"[17, 18]"
ENA_USDT_SWAP,385,2026-05-03T03:30:00+00:00,370,2026-05-02T23:45:00+00:00,16,0.5905940532684326,0.4433921277523041,0.5455906987190247,0.8133201599121094,0.7063510417938232,377,382,379.5,2026-05-03T01:30:00+00:00,2026-05-03T02:45:00+00:00,2026-05-03T02:15:00+00:00,6,3,60448c03723b8288,25,0.5905940532684326,2026-05-03T03:30:00+00:00,2026-05-03T04:30:00+00:00,"[15, 16, 17, 18, 19]"
ICP_USDT_SWAP,385,2026-05-03T03:30:00+00:00,367,2026-05-02T23:00:00+00:00,19,0.28157562017440796,0.5235261917114258,0.4880768060684204,0.8437120318412781,0.6212145090103149,376,382,379.0,2026-05-03T01:15:00+00:00,2026-05-03T02:45:00+00:00,2026-05-03T02:00:00+00:00,7,3,c552daa82e04fe72,2,0.28157562017440796,2026-05-03T03:30:00+00:00,2026-05-03T03:30:00+00:00,"[18, 19]"
JUP_USDT_SWAP,385,2026-05-03T03:30:00+00:00,368,2026-05-02T23:15:00+00:00,18,0.4142291247844696,0.5016798377037048,0.5144567489624023,0.8337342143058777,0.6173397302627563,377,382,379.5,2026-05-03T01:30:00+00:00,2026-05-03T02:45:00+00:00,2026-05-03T02:15:00+00:00,6,3,1a1b40cb0db0f8fd,17,0.427047461271286,2026-05-03T03:30:00+00:00,2026-05-03T04:45:00+00:00,"[17, 18, 19]"
MAGIC_USDT_SWAP,385,2026-05-03T03:30:00+00:00,369,2026-05-02T23:30:00+00:00,17,0.48468926548957825,0.47179388999938965,0.5140158534049988,0.8246146440505981,0.6612317562103271,377,382,379.5,2026-05-03T01:30:00+00:00,2026-05-03T02:45:00+00:00,2026-05-03T02:15:00+00:00,6,3,c0b5acbe8bca5e2e,10,0.48468926548957825,2026-05-03T03:30:00+00:00,2026-05-03T04:15:00+00:00,"[16, 17, 18, 19]"
MASK_USDT_SWAP,385,2026-05-03T03:30:00+00:00,371,2026-05-03T00:00:00+00:00,15,0.6285540461540222,0.4854976236820221,0.27492931485176086,0.8055683970451355,0.6549999117851257,378,382,380.0,2026-05-03T01:45:00+00:00,2026-05-03T02:45:00+00:00,2026-05-03T02:15:00+00:00,5,3,5c7de52815c521bf,31,0.6285540461540222,2026-05-03T03:30:00+00:00,2026-05-03T05:00:00+00:00,"[14, 15, 16, 17, 18, 19]"
PEPE_USDT_SWAP,385,2026-05-03T03:30:00+00:00,367,2026-05-02T23:00:00+00:00,19,0.3498031497001648,0.5325057506561279,0.5476245284080505,0.8444981575012207,0.6643994450569153,377,382,379.5,2026-05-03T01:30:00+00:00,2026-05-03T02:45:00+00:00,2026-05-03T02:15:00+00:00,6,3,4ca61b2d2b520f60,5,0.3498031497001648,2026-05-03T03:30:00+00:00,2026-05-03T03:45:00+00:00,"[18, 19]"
PROVE_USDT_SWAP,385,2026-05-03T03:30:00+00:00,368,2026-05-02T23:15:00+00:00,18,0.30634230375289917,0.4952114224433899,0.5904865264892578,0.8345917463302612,0.6852923035621643,376,382,379.0,2026-05-03T01:15:00+00:00,2026-05-03T02:45:00+00:00,2026-05-03T02:00:00+00:00,7,3,708731ea161d9731,7,0.30634230375289917,2026-05-03T03:30:00+00:00,2026-05-03T05:00:00+00:00,"[18, 19]"
PUMP_USDT_SWAP,385,2026-05-03T03:30:00+00:00,369,2026-05-02T23:30:00+00:00,17,0.27964210510253906,0.43677806854248047,0.5443977117538452,0.8230894207954407,0.6614310145378113,376,382,379.0,2026-05-03T01:15:00+00:00,2026-05-03T02:45:00+00:00,2026-05-03T02:00:00+00:00,7,3,740cc64c9fb1d4e4,3,0.3055480718612671,2026-05-03T03:30:00+00:00,2026-05-03T04:00:00+00:00,"[17, 19]"
RESOLV_USDT_SWAP,385,2026-05-03T03:30:00+00:00,367,2026-05-02T23:00:00+00:00,19,0.3990224003791809,0.6438541412353516,0.2831146717071533,0.8420780301094055,0.5717082023620605,379,382,380.5,2026-05-03T02:00:00+00:00,2026-05-03T02:45:00+00:00,2026-05-03T02:15:00+00:00,4,3,e34437de439bdfc6,31,0.7412911653518677,2026-05-03T03:30:00+00:00,2026-05-03T04:45:00+00:00,"[13, 14, 15, 16, 17, 18, 19]"
UNI_USDT_SWAP,385,2026-05-03T03:30:00+00:00,368,2026-05-02T23:15:00+00:00,18,0.2930612564086914,0.490163654088974,0.5036104321479797,0.8341635465621948,0.6201024055480957,376,382,379.0,2026-05-03T01:15:00+00:00,2026-05-03T02:45:00+00:00,2026-05-03T02:00:00+00:00,7,3,4995bdab2b1ba3e2,2,0.2930612564086914,2026-05-03T03:30:00+00:00,2026-05-03T04:00:00+00:00,"[18, 19]"
WOO_USDT_SWAP,385,2026-05-03T03:30:00+00:00,368,2026-05-02T23:15:00+00:00,18,0.4584786593914032,0.502022922039032,0.5125371813774109,0.8331306576728821,0.6255882978439331,377,382,379.5,2026-05-03T01:30:00+00:00,2026-05-03T02:45:00+00:00,2026-05-03T02:15:00+00:00,6,3,671112ea527fb379,21,0.49368926882743835,2026-05-03T03:30:00+00:00,2026-05-03T04:45:00+00:00,"[17, 18, 19]"
W_USDT_SWAP,385,2026-05-03T03:30:00+00:00,369,2026-05-02T23:30:00+00:00,17,0.4962119460105896,0.47664156556129456,0.5495373010635376,0.8250927925109863,0.65020352602005,377,382,379.5,2026-05-03T01:30:00+00:00,2026-05-03T02:45:00+00:00,2026-05-03T02:15:00+00:00,6,3,a5376281445c0ccc,30,0.5930179953575134,2026-05-03T03:30:00+00:00,2026-05-03T05:00:00+00:00,"[16, 17, 18, 19]"
ZRO_USDT_SWAP,385,2026-05-03T03:30:00+00:00,368,2026-05-02T23:15:00+00:00,18,0.34840619564056396,0.45811524987220764,0.5411896705627441,0.8305400609970093,0.6439759731292725,376,382,379.0,2026-05-03T01:15:00+00:00,2026-05-03T02:45:00+00:00,2026-05-03T02:00:00+00:00,7,3,636408667b465df5,9,0.3985348343849182,2026-05-03T03:30:00+00:00,2026-05-03T04:15:00+00:00,"[17, 18, 19]"
DOOD_USDT_SWAP,386,2026-05-03T03:45:00+00:00,369,2026-05-02T23:30:00+00:00,18,0.5870680809020996,0.5008993744850159,0.4996729791164398,0.8321455717086792,0.6083407998085022,378,383,380.5,2026-05-03T01:45:00+00:00,2026-05-03T03:00:00+00:00,2026-05-03T02:15:00+00:00,6,3,694337379c390bf2,30,0.5870680809020996,2026-05-03T03:45:00+00:00,2026-05-03T05:00:00+00:00,"[15, 16, 17, 18, 19]"
HBAR_USDT_SWAP,386,2026-05-03T03:45:00+00:00,369,2026-05-02T23:30:00+00:00,18,0.35272055864334106,0.45666947960853577,0.5189959406852722,0.8290925025939941,0.5897762775421143,377,383,380.0,2026-05-03T01:30:00+00:00,2026-05-03T03:00:00+00:00,2026-05-03T02:15:00+00:00,7,3,daa3256bcb5bb89b,9,0.3909238278865814,2026-05-03T03:45:00+00:00,2026-05-03T04:15:00+00:00,"[17, 18, 19]"
LINEA_USDT_SWAP,386,2026-05-03T03:45:00+00:00,370,2026-05-02T23:45:00+00:00,17,0.3381485044956207,0.4471701681613922,0.4619579613208771,0.827792763710022,0.6900792121887207,377,383,380.0,2026-05-03T01:30:00+00:00,2026-05-03T03:00:00+00:00,2026-05-03T02:15:00+00:00,7,3,feb172d1e2f32224,9,0.3381485044956207,2026-05-03T03:45:00+00:00,2026-05-03T04:30:00+00:00,"[16, 17, 18, 19]"
LINK_USDT_SWAP,386,2026-05-03T03:45:00+00:00,370,2026-05-02T23:45:00+00:00,17,0.26660335063934326,0.435290664434433,0.5392313003540039,0.8202114105224609,0.5923291444778442,377,383,380.0,2026-05-03T01:30:00+00:00,2026-05-03T03:00:00+00:00,2026-05-03T02:15:00+00:00,7,3,cdb6c51d61757cc1,2,0.26660335063934326,2026-05-03T03:45:00+00:00,2026-05-03T04:15:00+00:00,[17]
LIT_USDT_SWAP,386,2026-05-03T03:45:00+00:00,371,2026-05-03T00:00:00+00:00,16,0.29208067059516907,0.5148104429244995,0.46509459614753723,0.8546307682991028,0.6816594004631042,379,384,381.5,2026-05-03T02:00:00+00:00,2026-05-03T03:15:00+00:00,2026-05-03T02:45:00+00:00,6,2,5b84155522256826,21,0.456726610660553,2026-05-03T03:45:00+00:00,2026-05-03T04:45:00+00:00,"[15, 16, 17, 18, 19]"
MEW_USDT_SWAP,386,2026-05-03T03:45:00+00:00,369,2026-05-02T23:30:00+00:00,18,0.2658343017101288,0.4872722625732422,0.5553184747695923,0.8326449394226074,0.6580510139465332,377,383,380.0,2026-05-03T01:30:00+00:00,2026-05-03T03:00:00+00:00,2026-05-03T02:15:00+00:00,7,3,e30e86d9708d2e21,6,0.35604172945022583,2026-05-03T03:45:00+00:00,2026-05-03T04:30:00+00:00,"[18, 19]"
PARTI_USDT_SWAP,386,2026-05-03T03:45:00+00:00,369,2026-05-02T23:30:00+00:00,18,0.31798410415649414,0.39528873562812805,0.4450370967388153,0.7758163213729858,0.5976636409759521,376,382,379.0,2026-05-03T01:15:00+00:00,2026-05-03T02:45:00+00:00,2026-05-03T02:00:00+00:00,7,4,3610be3187aeb044,25,0.6751244068145752,2026-05-03T03:45:00+00:00,2026-05-03T04:30:00+00:00,"[13, 14, 15, 16, 17, 18, 19]"
PEOPLE_USDT_SWAP,386,2026-05-03T03:45:00+00:00,368,2026-05-02T23:15:00+00:00,19,0.2504325211048126,0.5091174840927124,0.6161682605743408,0.8450919389724731,0.7902358770370483,377,383,380.0,2026-05-03T01:30:00+00:00,2026-05-03T03:00:00+00:00,2026-05-03T02:15:00+00:00,7,3,da6d11e0a12bbac6,7,0.34316113591194153,2026-05-03T03:45:00+00:00,2026-05-03T04:30:00+00:00,"[18, 19]"
YFI_USDT_SWAP,386,2026-05-03T03:45:00+00:00,369,2026-05-02T23:30:00+00:00,18,0.36502575874328613,0.49021047353744507,0.4883556663990021,0.8339444398880005,0.6268620491027832,377,383,380.0,2026-05-03T01:30:00+00:00,2026-05-03T03:00:00+00:00,2026-05-03T02:15:00+00:00,7,3,d625e8f4440cc2a8,8,0.4890730381011963,2026-05-03T03:45:00+00:00,2026-05-03T04:30:00+00:00,"[16, 18, 19]"
AZTEC_USDT_SWAP,387,2026-05-03T04:00:00+00:00,371,2026-05-03T00:00:00+00:00,17,0.27696943283081055,0.43275779485702515,0.5300528407096863,0.8203141093254089,0.6409385204315186,378,384,381.0,2026-05-03T01:45:00+00:00,2026-05-03T03:15:00+00:00,2026-05-03T02:30:00+00:00,7,3,07de0e9ab58dc571,6,0.3846184313297272,2026-05-03T04:00:00+00:00,2026-05-03T04:30:00+00:00,"[17, 18, 19]"
BERA_USDT_SWAP,387,2026-05-03T04:00:00+00:00,371,2026-05-03T00:00:00+00:00,17,0.4740216135978699,0.4603743553161621,0.5343726277351379,0.8224145174026489,0.6402767896652222,378,384,381.0,2026-05-03T01:45:00+00:00,2026-05-03T03:15:00+00:00,2026-05-03T02:30:00+00:00,7,3,c17bbb50cf4c2ece,15,0.4740216135978699,2026-05-03T04:00:00+00:00,2026-05-03T04:45:00+00:00,"[16, 17, 18, 19]"
LQTY_USDT_SWAP,387,2026-05-03T04:00:00+00:00,369,2026-05-02T23:30:00+00:00,19,0.2649897038936615,0.5194417834281921,0.6403022408485413,0.8453198671340942,0.7428619265556335,378,384,381.0,2026-05-03T01:45:00+00:00,2026-05-03T03:15:00+00:00,2026-05-03T02:30:00+00:00,7,3,d04ea3fe7a838252,3,0.3617154359817505,2026-05-03T04:00:00+00:00,2026-05-03T04:15:00+00:00,"[18, 19]"
SIGN_USDT_SWAP,387,2026-05-03T04:00:00+00:00,371,2026-05-03T00:00:00+00:00,17,0.30511274933815,0.47105422616004944,0.4531095325946808,0.821797251701355,0.7305983304977417,379,384,381.5,2026-05-03T02:00:00+00:00,2026-05-03T03:15:00+00:00,2026-05-03T02:45:00+00:00,6,3,16629634d3b93924,4,0.30511274933815,2026-05-03T04:00:00+00:00,2026-05-03T04:30:00+00:00,"[17, 18, 19]"
SPX_USDT_SWAP,387,2026-05-03T04:00:00+00:00,371,2026-05-03T00:00:00+00:00,17,0.4345778822898865,0.463883638381958,0.5540671348571777,0.8241362571716309,0.6746302843093872,378,384,381.0,2026-05-03T01:45:00+00:00,2026-05-03T03:15:00+00:00,2026-05-03T02:30:00+00:00,7,3,2706c9eee0395ab7,13,0.4345778822898865,2026-05-03T04:00:00+00:00,2026-05-03T04:30:00+00:00,"[15, 16, 17, 18, 19]"
STRK_USDT_SWAP,387,2026-05-03T04:00:00+00:00,370,2026-05-02T23:45:00+00:00,18,0.2560674846172333,0.4829787611961365,0.5066505074501038,0.8332116007804871,0.6109654307365417,378,384,381.0,2026-05-03T01:45:00+00:00,2026-05-03T03:15:00+00:00,2026-05-03T02:30:00+00:00,7,3,0be41dc9ddaa0e4a,2,0.2967727482318878,2026-05-03T04:00:00+00:00,2026-05-03T04:15:00+00:00,[18]
FLOKI_USDT_SWAP,388,2026-05-03T04:15:00+00:00,371,2026-05-03T00:00:00+00:00,18,0.3378574550151825,0.455787718296051,0.5145390629768372,0.8313751220703125,0.6631618738174438,379,385,382.0,2026-05-03T02:00:00+00:00,2026-05-03T03:30:00+00:00,2026-05-03T02:45:00+00:00,7,3,b86c186ce0daa78b,5,0.3378574550151825,2026-05-03T04:15:00+00:00,2026-05-03T04:45:00+00:00,"[18, 19]"
H_USDT_SWAP,388,2026-05-03T04:15:00+00:00,373,2026-05-03T00:30:00+00:00,16,0.26648345589637756,0.5157276391983032,0.2576441466808319,0.8624146580696106,0.4760279953479767,381,386,383.5,2026-05-03T02:30:00+00:00,2026-05-03T03:45:00+00:00,2026-05-03T03:15:00+00:00,6,2,ce9643bac54207e1,18,0.5360120534896851,2026-05-03T04:15:00+00:00,2026-05-03T05:45:00+00:00,"[15, 16, 17, 18, 19]"
PI_USDT_SWAP,388,2026-05-03T04:15:00+00:00,372,2026-05-03T00:15:00+00:00,17,0.3277071714401245,0.46775001287460327,0.4725215435028076,0.8248940706253052,0.5937809348106384,379,385,382.0,2026-05-03T02:00:00+00:00,2026-05-03T03:30:00+00:00,2026-05-03T02:45:00+00:00,7,3,f449cc13d2c4eef0,19,0.4179307818412781,2026-05-03T04:15:00+00:00,2026-05-03T05:45:00+00:00,"[17, 18, 19]"
AAVE_USDT_SWAP,389,2026-05-03T04:30:00+00:00,372,2026-05-03T00:15:00+00:00,18,0.2553924322128296,0.45516449213027954,0.5277280807495117,0.8317471742630005,0.601586639881134,380,386,383.0,2026-05-03T02:15:00+00:00,2026-05-03T03:45:00+00:00,2026-05-03T03:00:00+00:00,7,3,88f790eb8ec95581,1,0.2553924322128296,2026-05-03T04:30:00+00:00,2026-05-03T04:30:00+00:00,[18]
APE_USDT_SWAP,389,2026-05-03T04:30:00+00:00,372,2026-05-03T00:15:00+00:00,18,0.37449297308921814,0.5033178329467773,0.553494930267334,0.8372252583503723,0.8804929256439209,381,386,383.5,2026-05-03T02:30:00+00:00,2026-05-03T03:45:00+00:00,2026-05-03T03:15:00+00:00,6,3,f2df7bc2e1a81c8d,5,0.37449297308921814,2026-05-03T04:30:00+00:00,2026-05-03T04:45:00+00:00,"[16, 18, 19]"
IOTA_USDT_SWAP,389,2026-05-03T04:30:00+00:00,372,2026-05-03T00:15:00+00:00,18,0.31955960392951965,0.46018433570861816,0.5315006971359253,0.8276713490486145,0.5953962802886963,380,386,383.0,2026-05-03T02:15:00+00:00,2026-05-03T03:45:00+00:00,2026-05-03T03:00:00+00:00,7,3,5ae25f3c56cae187,5,0.31955960392951965,2026-05-03T04:30:00+00:00,2026-05-03T05:00:00+00:00,"[17, 18, 19]"
MANA_USDT_SWAP,389,2026-05-03T04:30:00+00:00,373,2026-05-03T00:30:00+00:00,17,0.28373295068740845,0.4340583384037018,0.5020187497138977,0.8226509094238281,0.5593976974487305,380,386,383.0,2026-05-03T02:15:00+00:00,2026-05-03T03:45:00+00:00,2026-05-03T03:00:00+00:00,7,3,fbe30acc2f0ff274,16,0.39583197236061096,2026-05-03T04:30:00+00:00,2026-05-03T05:45:00+00:00,"[17, 18, 19]"
ONE_USDT_SWAP,389,2026-05-03T04:30:00+00:00,371,2026-05-03T00:00:00+00:00,19,0.3766717314720154,0.5291960835456848,0.5705889463424683,0.8428854942321777,0.6829565763473511,381,386,383.5,2026-05-03T02:30:00+00:00,2026-05-03T03:45:00+00:00,2026-05-03T03:15:00+00:00,6,3,e6f3797d7e6bd129,26,0.4841035306453705,2026-05-03T04:30:00+00:00,2026-05-03T06:00:00+00:00,"[16, 17, 18, 19]"
PARTI_USDT_SWAP,389,2026-05-03T04:30:00+00:00,376,2026-05-03T01:15:00+00:00,14,0.4311559796333313,0.513126790523529,0.42690637707710266,0.7932795882225037,0.5385590195655823,383,386,384.5,2026-05-03T03:00:00+00:00,2026-05-03T03:45:00+00:00,2026-05-03T03:15:00+00:00,4,3,d3aeb172e5932894,44,0.7484179735183716,2026-05-03T04:30:00+00:00,2026-05-03T06:00:00+00:00,"[13, 14, 15, 16, 17, 18, 19]"
AERO_USDT_SWAP,390,2026-05-03T04:45:00+00:00,372,2026-05-03T00:15:00+00:00,19,0.3050358295440674,0.4478902220726013,0.49474307894706726,0.7918088436126709,0.59281325340271,380,386,383.0,2026-05-03T02:15:00+00:00,2026-05-03T03:45:00+00:00,2026-05-03T03:00:00+00:00,7,4,268be14892e0d1d1,1,0.3050358295440674,2026-05-03T04:45:00+00:00,2026-05-03T04:45:00+00:00,[19]
AEVO_USDT_SWAP,390,2026-05-03T04:45:00+00:00,372,2026-05-03T00:15:00+00:00,19,0.2523849308490753,0.4545828402042389,0.5885713696479797,0.7933893799781799,0.669050931930542,380,386,383.0,2026-05-03T02:15:00+00:00,2026-05-03T03:45:00+00:00,2026-05-03T03:00:00+00:00,7,4,96180bcb04d523d6,1,0.2523849308490753,2026-05-03T04:45:00+00:00,2026-05-03T04:45:00+00:00,[19]
A_USDT_SWAP,390,2026-05-03T04:45:00+00:00,372,2026-05-03T00:15:00+00:00,19,0.330243319272995,0.4397091865539551,0.5910215377807617,0.7933927178382874,0.6833226084709167,380,386,383.0,2026-05-03T02:15:00+00:00,2026-05-03T03:45:00+00:00,2026-05-03T03:00:00+00:00,7,4,42c43db4910a8f72,1,0.330243319272995,2026-05-03T04:45:00+00:00,2026-05-03T04:45:00+00:00,[19]
EGLD_USDT_SWAP,390,2026-05-03T04:45:00+00:00,372,2026-05-03T00:15:00+00:00,19,0.25135499238967896,0.5148942470550537,0.5421442985534668,0.8468728065490723,0.5998356342315674,381,387,384.0,2026-05-03T02:30:00+00:00,2026-05-03T04:00:00+00:00,2026-05-03T03:15:00+00:00,7,3,dc13c4c1a6d05694,5,0.2930421829223633,2026-05-03T04:45:00+00:00,2026-05-03T06:00:00+00:00,"[17, 18, 19]"
W_USDT_SWAP,391,2026-05-03T05:00:00+00:00,375,2026-05-03T01:00:00+00:00,17,0.2510981559753418,0.46912533044815063,0.5609091520309448,0.8225051760673523,0.6746306419372559,382,388,385.0,2026-05-03T02:45:00+00:00,2026-05-03T04:15:00+00:00,2026-05-03T03:30:00+00:00,7,3,d190569ecdbc59dd,2,0.29709678888320923,2026-05-03T05:00:00+00:00,2026-05-03T05:15:00+00:00,"[17, 19]"
AVAX_USDT_SWAP,392,2026-05-03T05:15:00+00:00,374,2026-05-03T00:45:00+00:00,19,0.26813235878944397,0.4312717020511627,0.5579041242599487,0.7876741290092468,0.6261847019195557,382,388,385.0,2026-05-03T02:45:00+00:00,2026-05-03T04:15:00+00:00,2026-05-03T03:30:00+00:00,7,4,313bf99220526b56,1,0.26813235878944397,2026-05-03T05:15:00+00:00,2026-05-03T05:15:00+00:00,[19]
BICO_USDT_SWAP,393,2026-05-03T05:30:00+00:00,379,2026-05-03T02:00:00+00:00,15,0.3370134234428406,0.48281580209732056,0.43327340483665466,0.8045388460159302,0.6921044588088989,386,390,388.0,2026-05-03T03:45:00+00:00,2026-05-03T04:45:00+00:00,2026-05-03T04:15:00+00:00,5,3,ce20df314ad38eb1,16,0.4991590976715088,2026-05-03T05:30:00+00:00,2026-05-03T06:45:00+00:00,"[15, 17, 18, 19]"
DOOD_USDT_SWAP,393,2026-05-03T05:30:00+00:00,375,2026-05-03T01:00:00+00:00,19,0.2649586796760559,0.42731204628944397,0.5278242826461792,0.7915106415748596,0.7208256125450134,383,389,386.0,2026-05-03T03:00:00+00:00,2026-05-03T04:30:00+00:00,2026-05-03T03:45:00+00:00,7,4,0ebf5fba13476a36,1,0.2649586796760559,2026-05-03T05:30:00+00:00,2026-05-03T05:30:00+00:00,[19]
ETH_USDT_SWAP,393,2026-05-03T05:30:00+00:00,376,2026-05-03T01:15:00+00:00,18,0.2639014422893524,0.4635753631591797,0.5106822848320007,0.8273776173591614,0.561286985874176,384,390,387.0,2026-05-03T03:15:00+00:00,2026-05-03T04:45:00+00:00,2026-05-03T04:00:00+00:00,7,3,451f3ba585a5a1c1,2,0.2639014422893524,2026-05-03T05:30:00+00:00,2026-05-03T05:45:00+00:00,"[18, 19]"
FLOW_USDT_SWAP,393,2026-05-03T05:30:00+00:00,382,2026-05-03T02:45:00+00:00,12,0.267413854598999,0.027388062328100204,0.4665214717388153,0.5238942503929138,0.6960939764976501,382,388,385.0,2026-05-03T02:45:00+00:00,2026-05-03T04:15:00+00:00,2026-05-03T03:30:00+00:00,7,5,99f52c8d664b174d,1,0.267413854598999,2026-05-03T05:30:00+00:00,2026-05-03T05:30:00+00:00,[12]
PROVE_USDT_SWAP,393,2026-05-03T05:30:00+00:00,375,2026-05-03T01:00:00+00:00,19,0.3028012216091156,0.4364965558052063,0.5646060109138489,0.7916780710220337,0.6353544592857361,383,389,386.0,2026-05-03T03:00:00+00:00,2026-05-03T04:30:00+00:00,2026-05-03T03:45:00+00:00,7,4,6e065fb70f223505,1,0.3028012216091156,2026-05-03T05:30:00+00:00,2026-05-03T05:30:00+00:00,[19]
MANA_USDT_SWAP,395,2026-05-03T06:00:00+00:00,378,2026-05-03T01:45:00+00:00,18,0.2708337604999542,0.46164241433143616,0.4756542444229126,0.8267813920974731,0.5352439880371094,386,392,389.0,2026-05-03T03:45:00+00:00,2026-05-03T05:15:00+00:00,2026-05-03T04:30:00+00:00,7,3,68bc427629adf96a,7,0.35653799772262573,2026-05-03T06:00:00+00:00,2026-05-03T06:30:00+00:00,"[17, 18, 19]"
ONE_USDT_SWAP,395,2026-05-03T06:00:00+00:00,379,2026-05-03T02:00:00+00:00,17,0.28656309843063354,0.43924975395202637,0.5550609230995178,0.8164946436882019,0.6524228453636169,386,392,389.0,2026-05-03T03:45:00+00:00,2026-05-03T05:15:00+00:00,2026-05-03T04:30:00+00:00,7,3,20188511dc1801bd,4,0.32676541805267334,2026-05-03T06:00:00+00:00,2026-05-03T06:30:00+00:00,"[17, 18, 19]"
PI_USDT_SWAP,395,2026-05-03T06:00:00+00:00,377,2026-05-03T01:30:00+00:00,19,0.25365376472473145,0.4330238699913025,0.4676227271556854,0.7908343076705933,0.5846771001815796,385,391,388.0,2026-05-03T03:30:00+00:00,2026-05-03T05:00:00+00:00,2026-05-03T04:15:00+00:00,7,4,7a5671c7c4e37842,1,0.25365376472473145,2026-05-03T06:00:00+00:00,2026-05-03T06:00:00+00:00,[19]
0G_USDT_SWAP,396,2026-05-03T06:15:00+00:00,378,2026-05-03T01:45:00+00:00,19,0.3099302053451538,0.5170729160308838,0.4848841428756714,0.8444321751594543,0.5868368744850159,387,393,390.0,2026-05-03T04:00:00+00:00,2026-05-03T05:30:00+00:00,2026-05-03T04:45:00+00:00,7,3,6d000f8eb7808217,8,0.41432157158851624,2026-05-03T06:15:00+00:00,2026-05-03T07:00:00+00:00,"[18, 19]"
PARTI_USDT_SWAP,396,2026-05-03T06:15:00+00:00,379,2026-05-03T02:00:00+00:00,18,0.3997158408164978,0.484773725271225,0.4154842793941498,0.8369641304016113,0.6178226470947266,387,393,390.0,2026-05-03T04:00:00+00:00,2026-05-03T05:30:00+00:00,2026-05-03T04:45:00+00:00,7,3,395cab10bd546e58,10,0.3997158408164978,2026-05-03T06:15:00+00:00,2026-05-03T07:00:00+00:00,"[12, 17, 18, 19]"
STRK_USDT_SWAP,396,2026-05-03T06:15:00+00:00,382,2026-05-03T02:45:00+00:00,15,0.29649925231933594,0.47865524888038635,0.43696659803390503,0.8061535954475403,0.5955710411071777,389,393,391.0,2026-05-03T04:30:00+00:00,2026-05-03T05:30:00+00:00,2026-05-03T05:00:00+00:00,5,3,b5c22be425b18b70,26,0.5053860545158386,2026-05-03T06:15:00+00:00,2026-05-03T07:45:00+00:00,"[14, 15, 16, 17, 18, 19]"
API3_USDT_SWAP,397,2026-05-03T06:30:00+00:00,381,2026-05-03T02:30:00+00:00,17,0.40227067470550537,0.5131274461746216,0.36699768900871277,0.8884314298629761,0.5521683096885681,389,395,392.0,2026-05-03T04:30:00+00:00,2026-05-03T06:00:00+00:00,2026-05-03T05:15:00+00:00,7,2,ad6357411daf5fec,2,0.40227067470550537,2026-05-03T06:30:00+00:00,2026-05-03T06:30:00+00:00,"[16, 17]"
EGLD_USDT_SWAP,397,2026-05-03T06:30:00+00:00,380,2026-05-03T02:15:00+00:00,18,0.26640573143959045,0.4992896616458893,0.5047740936279297,0.8317217826843262,0.5798764228820801,388,394,391.0,2026-05-03T04:15:00+00:00,2026-05-03T05:45:00+00:00,2026-05-03T05:00:00+00:00,7,3,fa2b72be8680d546,1,0.26640573143959045,2026-05-03T06:30:00+00:00,2026-05-03T06:30:00+00:00,[18]
PEPE_USDT_SWAP,397,2026-05-03T06:30:00+00:00,379,2026-05-03T02:00:00+00:00,19,0.35843244194984436,0.4343424439430237,0.4688916802406311,0.791913628578186,0.5541650056838989,387,393,390.0,2026-05-03T04:00:00+00:00,2026-05-03T05:30:00+00:00,2026-05-03T04:45:00+00:00,7,4,6c4019567bf38bfd,1,0.35843244194984436,2026-05-03T06:30:00+00:00,2026-05-03T06:30:00+00:00,[19]
SOON_USDT_SWAP,397,2026-05-03T06:30:00+00:00,381,2026-05-03T02:30:00+00:00,17,0.3894101083278656,0.42874017357826233,0.5319857001304626,0.8271239995956421,0.6437218189239502,388,394,391.0,2026-05-03T04:15:00+00:00,2026-05-03T05:45:00+00:00,2026-05-03T05:00:00+00:00,7,3,e8eb3b5f7ff9b6be,13,0.5049479603767395,2026-05-03T06:30:00+00:00,2026-05-03T07:30:00+00:00,"[15, 16, 17, 18, 19]"
ETHFI_USDT_SWAP,398,2026-05-03T06:45:00+00:00,381,2026-05-03T02:30:00+00:00,18,0.2968120574951172,0.48375946283340454,0.48397213220596313,0.8323211669921875,0.5582212805747986,389,395,392.0,2026-05-03T04:30:00+00:00,2026-05-03T06:00:00+00:00,2026-05-03T05:15:00+00:00,7,3,21983a6609728562,3,0.2968120574951172,2026-05-03T06:45:00+00:00,2026-05-03T08:00:00+00:00,"[18, 19]"
H_USDT_SWAP,400,2026-05-03T07:15:00+00:00,382,2026-05-03T02:45:00+00:00,19,0.2504269778728485,0.5114583373069763,0.3522300720214844,0.8438183069229126,0.5761796236038208,391,397,394.0,2026-05-03T05:00:00+00:00,2026-05-03T06:30:00+00:00,2026-05-03T05:45:00+00:00,7,3,2c8c3b27d122e683,3,0.4338020086288452,2026-05-03T07:15:00+00:00,2026-05-03T07:45:00+00:00,"[18, 19]"
BARD_USDT_SWAP,402,2026-05-03T07:45:00+00:00,391,2026-05-03T05:00:00+00:00,12,0.2607201933860779,0.0278053916990757,0.48512375354766846,0.5238043069839478,0.7085881233215332,391,397,394.0,2026-05-03T05:00:00+00:00,2026-05-03T06:30:00+00:00,2026-05-03T05:45:00+00:00,7,5,c1d08ee66ae16c8f,1,0.2607201933860779,2026-05-03T07:45:00+00:00,2026-05-03T07:45:00+00:00,[12]
KAITO_USDT_SWAP,402,2026-05-03T07:45:00+00:00,388,2026-05-03T04:15:00+00:00,15,0.25366243720054626,0.4883674085140228,0.4264490306377411,0.8210034370422363,0.6552945375442505,395,400,397.5,2026-05-03T06:00:00+00:00,2026-05-03T07:15:00+00:00,2026-05-03T06:45:00+00:00,6,2,0020c6a4bfb12c8d,25,0.4510881304740906,2026-05-03T07:45:00+00:00,2026-05-03T09:15:00+00:00,"[15, 16, 17, 18, 19]"
BNB_USDT_SWAP,408,2026-05-03T09:15:00+00:00,392,2026-05-03T05:15:00+00:00,17,0.26081228256225586,0.4414691925048828,0.474015474319458,0.816423773765564,0.5223694443702698,399,405,402.0,2026-05-03T07:00:00+00:00,2026-05-03T08:30:00+00:00,2026-05-03T07:45:00+00:00,7,3,dd0ab8747776d9c4,1,0.26081228256225586,2026-05-03T09:15:00+00:00,2026-05-03T09:15:00+00:00,[17]
NEO_USDT_SWAP,408,2026-05-03T09:15:00+00:00,391,2026-05-03T05:00:00+00:00,18,0.41006574034690857,0.45534148812294006,0.45653173327445984,0.8310927152633667,0.5252184867858887,399,405,402.0,2026-05-03T07:00:00+00:00,2026-05-03T08:30:00+00:00,2026-05-03T07:45:00+00:00,7,3,f661fa5eb21b302b,6,0.41006574034690857,2026-05-03T09:15:00+00:00,2026-05-03T09:45:00+00:00,"[17, 18, 19]"
KAITO_USDT_SWAP,409,2026-05-03T09:30:00+00:00,393,2026-05-03T05:30:00+00:00,17,0.34196311235427856,0.43679508566856384,0.5387608408927917,0.8267218470573425,0.7050740718841553,400,406,403.0,2026-05-03T07:15:00+00:00,2026-05-03T08:45:00+00:00,2026-05-03T08:00:00+00:00,7,3,160a06900b086578,8,0.34196311235427856,2026-05-03T09:30:00+00:00,2026-05-03T09:45:00+00:00,"[17, 18, 19]"
MON_USDT_SWAP,409,2026-05-03T09:30:00+00:00,393,2026-05-03T05:30:00+00:00,17,0.2878204882144928,0.4265415072441101,0.42108356952667236,0.8218901753425598,0.6020177602767944,400,406,403.0,2026-05-03T07:15:00+00:00,2026-05-03T08:45:00+00:00,2026-05-03T08:00:00+00:00,7,3,7fea0c962c664e9c,4,0.44193994998931885,2026-05-03T09:30:00+00:00,2026-05-03T10:15:00+00:00,"[17, 18, 19]"
TRB_USDT_SWAP,409,2026-05-03T09:30:00+00:00,392,2026-05-03T05:15:00+00:00,18,0.3556397259235382,0.4944741725921631,0.3835679590702057,0.8380810618400574,0.5804580450057983,400,406,403.0,2026-05-03T07:15:00+00:00,2026-05-03T08:45:00+00:00,2026-05-03T08:00:00+00:00,7,3,704979f9e5f6bb72,18,0.5510686039924622,2026-05-03T09:30:00+00:00,2026-05-03T10:45:00+00:00,"[16, 17, 18, 19]"
ATOM_USDT_SWAP,410,2026-05-03T09:45:00+00:00,393,2026-05-03T05:30:00+00:00,18,0.3855355978012085,0.48534759879112244,0.44553735852241516,0.8319988250732422,0.5432264804840088,401,407,404.0,2026-05-03T07:30:00+00:00,2026-05-03T09:00:00+00:00,2026-05-03T08:15:00+00:00,7,3,bfc465aafb964268,20,0.48292049765586853,2026-05-03T09:45:00+00:00,2026-05-03T11:15:00+00:00,"[15, 16, 17, 18, 19]"
CFX_USDT_SWAP,410,2026-05-03T09:45:00+00:00,396,2026-05-03T06:15:00+00:00,15,0.3358646035194397,0.47833052277565,0.4469258487224579,0.8075801134109497,0.5730741620063782,403,407,405.0,2026-05-03T08:00:00+00:00,2026-05-03T09:00:00+00:00,2026-05-03T08:30:00+00:00,5,3,b0342d6f1b415760,4,0.3358646035194397,2026-05-03T09:45:00+00:00,2026-05-03T09:45:00+00:00,"[15, 17, 18, 19]"
ATH_USDT_SWAP,411,2026-05-03T10:00:00+00:00,393,2026-05-03T05:30:00+00:00,19,0.34157824516296387,0.4850619435310364,0.4282360374927521,0.8422805666923523,0.580485999584198,402,408,405.0,2026-05-03T07:45:00+00:00,2026-05-03T09:15:00+00:00,2026-05-03T08:30:00+00:00,7,3,3bfb2bff22f4ed50,10,0.3766448199748993,2026-05-03T10:00:00+00:00,2026-05-03T10:45:00+00:00,"[16, 17, 18, 19]"
PIEVERSE_USDT_SWAP,411,2026-05-03T10:00:00+00:00,397,2026-05-03T06:30:00+00:00,15,0.48421987891197205,0.4854106903076172,0.41191017627716064,0.802050769329071,0.7005931735038757,404,408,406.0,2026-05-03T08:15:00+00:00,2026-05-03T09:15:00+00:00,2026-05-03T08:45:00+00:00,5,3,bfd2f7560595dfb0,24,0.5648990273475647,2026-05-03T10:00:00+00:00,2026-05-03T11:15:00+00:00,"[15, 16, 17, 18, 19]"
DOGE_USDT_SWAP,413,2026-05-03T10:30:00+00:00,395,2026-05-03T06:00:00+00:00,19,0.2635028660297394,0.4957801401615143,0.4406987130641937,0.8489697575569153,0.5062938332557678,404,410,407.0,2026-05-03T08:15:00+00:00,2026-05-03T09:45:00+00:00,2026-05-03T09:00:00+00:00,7,3,f5294b7f121bc576,29,0.4285530149936676,2026-05-03T10:30:00+00:00,2026-05-03T11:45:00+00:00,"[13, 14, 15, 16, 17, 18, 19]"
MON_USDT_SWAP,414,2026-05-03T10:45:00+00:00,400,2026-05-03T07:15:00+00:00,15,0.49325302243232727,0.4885081648826599,0.42068684101104736,0.8097260594367981,0.632921576499939,407,411,409.0,2026-05-03T09:00:00+00:00,2026-05-03T10:00:00+00:00,2026-05-03T09:30:00+00:00,5,3,7f6835a969749e87,18,0.49325302243232727,2026-05-03T10:45:00+00:00,2026-05-03T12:00:00+00:00,"[15, 16, 17, 18, 19]"
SOON_USDT_SWAP,414,2026-05-03T10:45:00+00:00,396,2026-05-03T06:15:00+00:00,19,0.2513076961040497,0.517306387424469,0.3805416524410248,0.8418604731559753,0.6917312741279602,405,411,408.0,2026-05-03T08:30:00+00:00,2026-05-03T10:00:00+00:00,2026-05-03T09:15:00+00:00,7,3,8484ad6a1c76619e,2,0.2586173415184021,2026-05-03T10:45:00+00:00,2026-05-03T11:15:00+00:00,"[18, 19]"
TRB_USDT_SWAP,414,2026-05-03T10:45:00+00:00,400,2026-05-03T07:15:00+00:00,15,0.3371051847934723,0.47865280508995056,0.496049165725708,0.8065757751464844,0.6742829084396362,407,411,409.0,2026-05-03T09:00:00+00:00,2026-05-03T10:00:00+00:00,2026-05-03T09:30:00+00:00,5,3,c1b11dfd2b8e5a01,16,0.4930163323879242,2026-05-03T10:45:00+00:00,2026-05-03T11:45:00+00:00,"[15, 16, 17, 18, 19]"
IOTA_USDT_SWAP,415,2026-05-03T11:00:00+00:00,402,2026-05-03T07:45:00+00:00,14,0.29147061705589294,0.5178015232086182,0.4478718638420105,0.8504036068916321,0.5442938208580017,409,413,411.0,2026-05-03T09:30:00+00:00,2026-05-03T10:30:00+00:00,2026-05-03T10:00:00+00:00,5,2,abe7be50e4405e98,24,0.5736544728279114,2026-05-03T11:00:00+00:00,2026-05-03T12:00:00+00:00,"[14, 15, 16, 17, 18, 19]"
S_USDT_SWAP,415,2026-05-03T11:00:00+00:00,398,2026-05-03T06:45:00+00:00,18,0.28155478835105896,0.48364701867103577,0.32038697600364685,0.8024697303771973,0.6926165223121643,406,412,409.0,2026-05-03T08:45:00+00:00,2026-05-03T10:15:00+00:00,2026-05-03T09:30:00+00:00,7,3,ff152518b611ac8a,4,0.34161317348480225,2026-05-03T11:00:00+00:00,2026-05-03T11:45:00+00:00,"[14, 17, 18, 19]"
ATOM_USDT_SWAP,416,2026-05-03T11:15:00+00:00,398,2026-05-03T06:45:00+00:00,19,0.25179049372673035,0.48540550470352173,0.5111929774284363,0.8400796055793762,0.5638948678970337,407,413,410.0,2026-05-03T09:00:00+00:00,2026-05-03T10:30:00+00:00,2026-05-03T09:45:00+00:00,7,3,2f73fa5ec88529ea,1,0.25179049372673035,2026-05-03T11:15:00+00:00,2026-05-03T11:15:00+00:00,[19]
ETHFI_USDT_SWAP,416,2026-05-03T11:15:00+00:00,399,2026-05-03T07:00:00+00:00,18,0.3203393816947937,0.45947957038879395,0.4487766921520233,0.8286398649215698,0.5234759449958801,407,413,410.0,2026-05-03T09:00:00+00:00,2026-05-03T10:30:00+00:00,2026-05-03T09:45:00+00:00,7,3,c4a880b838893e4a,1,0.3203393816947937,2026-05-03T11:15:00+00:00,2026-05-03T11:15:00+00:00,[18]
HUMA_USDT_SWAP,416,2026-05-03T11:15:00+00:00,401,2026-05-03T07:30:00+00:00,16,0.25841444730758667,0.44302305579185486,0.487826406955719,0.8106678128242493,0.7290176153182983,408,413,410.5,2026-05-03T09:15:00+00:00,2026-05-03T10:30:00+00:00,2026-05-03T09:45:00+00:00,6,3,5f117c3f9e6d6e03,12,0.533247709274292,2026-05-03T11:15:00+00:00,2026-05-03T12:00:00+00:00,"[15, 16, 17, 18, 19]"
JUP_USDT_SWAP,416,2026-05-03T11:15:00+00:00,402,2026-05-03T07:45:00+00:00,15,0.3888108432292938,0.459416002035141,0.4311009645462036,0.7992706894874573,0.5345056056976318,408,413,410.5,2026-05-03T09:15:00+00:00,2026-05-03T10:30:00+00:00,2026-05-03T09:45:00+00:00,6,3,9542c618247f2bf6,13,0.4243420660495758,2026-05-03T11:15:00+00:00,2026-05-03T12:00:00+00:00,"[14, 15, 16, 17, 18, 19]"
ONDO_USDT_SWAP,416,2026-05-03T11:15:00+00:00,400,2026-05-03T07:15:00+00:00,17,0.3211498260498047,0.42836394906044006,0.3927244246006012,0.8188389539718628,0.5717482566833496,407,413,410.0,2026-05-03T09:00:00+00:00,2026-05-03T10:30:00+00:00,2026-05-03T09:45:00+00:00,7,3,6cbd2f698d2c85bf,9,0.3211498260498047,2026-05-03T11:15:00+00:00,2026-05-03T12:00:00+00:00,"[15, 17, 18, 19]"
SOL_USDT_SWAP,416,2026-05-03T11:15:00+00:00,399,2026-05-03T07:00:00+00:00,18,0.2638719081878662,0.45675355195999146,0.4638540744781494,0.8314622044563293,0.5095297694206238,407,413,410.0,2026-05-03T09:00:00+00:00,2026-05-03T10:30:00+00:00,2026-05-03T09:45:00+00:00,7,3,ef77dd4b25994463,2,0.37545517086982727,2026-05-03T11:15:00+00:00,2026-05-03T11:30:00+00:00,[18]
ICX_USDT_SWAP,417,2026-05-03T11:30:00+00:00,403,2026-05-03T08:00:00+00:00,15,0.320192813873291,0.4796067178249359,0.47850728034973145,0.8055586814880371,0.6037963032722473,410,414,412.0,2026-05-03T09:45:00+00:00,2026-05-03T10:45:00+00:00,2026-05-03T10:15:00+00:00,5,3,ce5358c28d949ee1,4,0.320192813873291,2026-05-03T11:30:00+00:00,2026-05-03T11:45:00+00:00,"[15, 17, 18, 19]"
KSM_USDT_SWAP,417,2026-05-03T11:30:00+00:00,401,2026-05-03T07:30:00+00:00,17,0.2712171673774719,0.4308186173439026,0.43316930532455444,0.8058146238327026,0.5247256755828857,408,414,411.0,2026-05-03T09:15:00+00:00,2026-05-03T10:45:00+00:00,2026-05-03T10:00:00+00:00,7,3,dbed9351e4e41335,1,0.2712171673774719,2026-05-03T11:30:00+00:00,2026-05-03T11:30:00+00:00,[17]
ANIME_USDT_SWAP,418,2026-05-03T11:45:00+00:00,400,2026-05-03T07:15:00+00:00,19,0.3398146629333496,0.5023432374000549,0.47694429755210876,0.8444663882255554,0.5582898259162903,409,415,412.0,2026-05-03T09:30:00+00:00,2026-05-03T11:00:00+00:00,2026-05-03T10:15:00+00:00,7,3,878ce8c6c68dd70d,1,0.3398146629333496,2026-05-03T11:45:00+00:00,2026-05-03T11:45:00+00:00,[19]
AAVE_USDT_SWAP,419,2026-05-03T12:00:00+00:00,401,2026-05-03T07:30:00+00:00,19,0.271822988986969,0.4421924948692322,0.5270745754241943,0.7945087552070618,0.5824486613273621,409,415,412.0,2026-05-03T09:30:00+00:00,2026-05-03T11:00:00+00:00,2026-05-03T10:15:00+00:00,7,4,628295b261b06d3a,1,0.271822988986969,2026-05-03T12:00:00+00:00,2026-05-03T12:00:00+00:00,[19]
H_USDT_SWAP,419,2026-05-03T12:00:00+00:00,403,2026-05-03T08:00:00+00:00,17,0.3583471179008484,0.43111953139305115,0.19412054121494293,0.8222993016242981,0.4367475211620331,410,416,413.0,2026-05-03T09:45:00+00:00,2026-05-03T11:15:00+00:00,2026-05-03T10:30:00+00:00,7,3,26f07482c233ce68,1,0.3583471179008484,2026-05-03T12:00:00+00:00,2026-05-03T12:00:00+00:00,[17]
PLUME_USDT_SWAP,419,2026-05-03T12:00:00+00:00,407,2026-05-03T09:00:00+00:00,13,0.25139033794403076,0.009696070104837418,0.4546651542186737,0.5071729421615601,0.6527583599090576,407,413,410.0,2026-05-03T09:00:00+00:00,2026-05-03T10:30:00+00:00,2026-05-03T09:45:00+00:00,7,6,28565e6a06212f1f,1,0.25139033794403076,2026-05-03T12:00:00+00:00,2026-05-03T12:00:00+00:00,[13]
RESOLV_USDT_SWAP,419,2026-05-03T12:00:00+00:00,403,2026-05-03T08:00:00+00:00,17,0.45293739438056946,0.46621185541152954,0.3822370171546936,0.8230946660041809,0.6086000204086304,410,416,413.0,2026-05-03T09:45:00+00:00,2026-05-03T11:15:00+00:00,2026-05-03T10:30:00+00:00,7,3,21659924fb7eeb1d,4,0.45293739438056946,2026-05-03T12:00:00+00:00,2026-05-03T12:00:00+00:00,"[14, 15, 17, 18]"
